Abbeville, LA
Abbeville, SC
Aberdeen, MD
Aberdeen, MS
Aberdeen, NC
Aberdeen, SD
Aberdeen, WA
Abilene, KS
Abilene, TX
Abingdon, VA
Absecon, NJ
Acworth, GA
Adamsville, AL
Ada, OH
Ada, OK
Addison, IL
Addison, TX
Adelanto, CA
Adel, GA
Adel, IA
Adrian, MI
Agawam, MA
Agoura Hills, CA
Aiken, SC
Airmont, NY
Airway Heights, WA
Akron, OH
Alabaster, AL
Alachua, FL
Alameda, CA
Alamogordo, NM
Alamo Heights, TX
Alamosa, CO
Alamo, TX
Albany, CA
Albany, GA
Albany, NY
Albany, OR
Albemarle, NC
Albert Lea, MN
Albertville, AL
Albertville, MN
Albion, MI
Albion, NY
Albuquerque, NM
Alcoa, TN
Alexander City, AL
Alexandria, IN
Alexandria, KY
Alexandria, LA
Alexandria, MN
Alexandria, VA
Alfred, NY
Algonac, MI
Algona, IA
Algonquin, IL
Alhambra, CA
Alice, TX
Aliquippa, PA
Aliso Viejo, CA
Allegan, MI
Allendale, NJ
Allen Park, MI
Allentown, PA
Allen, TX
Alliance, NE
Alliance, OH
Allouez, WI
Alma, AR
Alma, MI
Alpena, MI
Alpharetta, GA
Alpine, TX
Alpine, UT
Alsip, IL
Altamonte Springs, FL
Alton, IL
Alton, TX
Altoona, IA
Altoona, PA
Altoona, WI
Altus, OK
Alva, OK
Alvin, TX
Amarillo, TX
Ambler, PA
Ambridge, PA
American Canyon, CA
American Fork, UT
Americus, GA
Ames, IA
Amherst, OH
Amite City, LA
Amityville, NY
Ammon, ID
Amory, MS
Amsterdam, NY
Anaconda, MT
Anacortes, WA
Anadarko, OK
Anaheim, CA
Anamosa, IA
Anchorage, AK
Andalusia, AL
Anderson, CA
Anderson, IN
Anderson, SC
Andover, KS
Andover, MN
Andrews, TX
Angier, NC
Angleton, TX
Angola, IN
Ankeny, IA
Anna, IL
Annapolis, MD
Ann Arbor, MI
Anniston, AL
Anoka, MN
Ansonia, CT
Anthony, TX
Antigo, WI
Antioch, CA
Antioch, IL
Apache Junction, AZ
Apex, NC
Apopka, FL
Appleton, WI
Apple Valley, CA
Apple Valley, MN
Arab, AL
Aransas Pass, TX
Arcadia, CA
Arcadia, FL
Arcata, CA
Archbald, PA
Archbold, OH
Archdale, NC
Arden Hills, MN
Ardmore, OK
Ardsley, NY
Arkadelphia, AR
Arkansas City, KS
Arlington Heights, IL
Arlington, TX
Arlington, VA
Arlington, WA
Arnold, MO
Arnold, PA
Arroyo Grande, CA
Artesia, CA
Artesia, NM
Arvada, CO
Arvin, CA
Asbury Park, NJ
Ashdown, AR
Asheboro, NC
Asheville, NC
Ashland City, TN
Ashland, KY
Ashland, OH
Ashland, OR
Ashland, VA
Ashland, WI
Ashtabula, OH
Ashwaubenon, WI
Aspen, CO
Astoria, OR
Atascadero, CA
Atchison, KS
Athens, AL
Athens, GA
Athens, OH
Athens, TN
Athens, TX
Atherton, CA
Atlanta, GA
Atlanta, TX
Atlantic Beach, FL
Atlantic City, NJ
Atlantic Highlands, NJ
Atlantic, IA
Atmore, AL
Atoka, TN
Attalla, AL
Attleboro, MA
Atwater, CA
Auburn, AL
Auburn, CA
Auburndale, FL
Auburn, GA
Auburn Hills, MI
Auburn, IL
Auburn, IN
Auburn, ME
Auburn, NY
Auburn, WA
Audubon, NJ
Augusta, GA
Augusta, KS
Augusta, ME
Aurora, CO
Aurora, IL
Aurora, MO
Aurora, OH
Austell, GA
Austin, IN
Austin, MN
Austin, TX
Avalon, PA
Avenal, CA
Aventura, FL
Avon, CO
Avondale, AZ
Avon, IN
Avon Lake, OH
Avon, OH
Avon Park, FL
Ayden, NC
Azle, TX
Aztec, NM
Azusa, CA
Babylon, NY
Bainbridge, GA
Bainbridge Island, WA
Baker City, OR
Baker, LA
Bakersfield, CA
Balch Springs, TX
Baldwin City, KS
Baldwin, PA
Baldwin Park, CA
Baldwinsville, NY
Ballston Spa, NY
Ballwin, MO
Baltimore, MD
Bangor, ME
Bangor, PA
Banning, CA
Baraboo, WI
Barberton, OH
Bardstown, KY
Barling, AR
Barnesville, GA
Barnstable Town, MA
Barnwell, SC
Barre, VT
Barrington Hills, IL
Barrington, IL
Barrington, NJ
Barstow, CA
Bartlesville, OK
Bartlett, IL
Bartlett, TN
Bartonville, IL
Bartow, FL
Bastrop, LA
Bastrop, TX
Batavia, IL
Batavia, NY
Batesburg-Leesville, SC
Batesville, AR
Batesville, IN
Batesville, MS
Bath, ME
Bath, NY
Baton Rouge, LA
Battle Creek, MI
Battle Ground, WA
Baxley, GA
Baxter, MN
Bay City, MI
Bay City, TX
Bay Harbor Islands, FL
Bay Minette, AL
Bayonne, NJ
Bay St. Louis, MS
Baytown, TX
Bay Village, OH
Bayville, NY
Beach Park, IL
Beachwood, NJ
Beachwood, OH
Beacon, NY
Beardstown, IL
Beatrice, NE
Beaufort, SC
Beaumont, CA
Beaumont, TX
Beavercreek, OH
Beaver Dam, WI
Beaver Falls, PA
Beaver, PA
Beaverton, OR
Beckley, WV
Bedford Heights, OH
Bedford, IN
Bedford, OH
Bedford, TX
Bedford, VA
Beebe, AR
Beech Grove, IN
Beeville, TX
Bel Aire, KS
Bel Air, MD
Belding, MI
Belen, NM
Belfast, ME
Belgrade, MT
Bellaire, OH
Bellaire, TX
Bella Vista, AR
Bellbrook, OH
Bell, CA
Bellefontaine Neighbors, MO
Bellefontaine, OH
Bellefonte, PA
Belle Fourche, SD
Belle Glade, FL
Belle Isle, FL
Belle Plaine, MN
Belleview, FL
Belleville, IL
Bellevue, KY
Bellevue, NE
Bellevue, OH
Bellevue, PA
Bellevue, WA
Bellevue, WI
Bellflower, CA
Bell Gardens, CA
Bellingham, WA
Bellmawr, NJ
Bellmead, TX
Bellville, TX
Bellwood, IL
Belmar, NJ
Belmont, CA
Belmont, NC
Beloit, WI
Belpre, OH
Belton, MO
Belton, SC
Belton, TX
Belvidere, IL
Bemidji, MN
Benbrook, TX
Bend, OR
Benicia, CA
Bennettsville, SC
Bensenville, IL
Benson, AZ
Benton, AR
Benton Harbor, MI
Benton, IL
Benton, KY
Bentonville, AR
Berea, KY
Berea, OH
Bergenfield, NJ
Berkeley, CA
Berkeley, IL
Berkeley, MO
Berkley, MI
Berlin, NH
Berlin, NJ
Berlin, WI
Bernalillo, NM
Bernardsville, NJ
Berne, IN
Berryville, AR
Berthoud, CO
Berwick, PA
Berwyn, IL
Bessemer, AL
Bessemer City, NC
Bethalto, IL
Bethany, OK
Bethel, AK
Bethel Park, PA
Bethlehem, PA
Bettendorf, IA
Beverly Hills, CA
Beverly Hills, MI
Beverly, MA
Bexley, OH
Biddeford, ME
Big Bear Lake, CA
Big Lake, MN
Big Rapids, MI
Big Spring, TX
Big Stone Gap, VA
Billings, MT
Biloxi, MS
Binghamton, NY
Birdsboro, PA
Birmingham, AL
Birmingham, MI
Bisbee, AZ
Bismarck, ND
Bixby, OK
Blackfoot, ID
Black Jack, MO
Black Mountain, NC
Blacksburg, VA
Blackwell, OK
Bladensburg, MD
Blaine, MN
Blaine, WA
Blair, NE
Blakely, GA
Blakely, PA
Blanchard, OK
Blanchester, OH
Bloomfield, NM
Bloomingdale, IL
Bloomingdale, NJ
Bloomington, IL
Bloomington, IN
Bloomington, MN
Bloomsburg, PA
Blue Ash, OH
Bluefield, VA
Bluefield, WV
Blue Island, IL
Blue Springs, MO
Bluffdale, UT
Bluffton, IN
Bluffton, SC
Blythe, CA
Blytheville, AR
Boaz, AL
Boca Raton, FL
Boerne, TX
Bogalusa, LA
Bogota, NJ
Boiling Spring Lakes, NC
Boise City, ID
Bolingbrook, IL
Bolivar, MO
Bolivar, TN
Bonham, TX
Bonita Springs, FL
Bonner Springs, KS
Bonne Terre, MO
Bonney Lake, WA
Boone, IA
Boone, NC
Booneville, MS
Boonton, NJ
Boonville, IN
Boonville, MO
Borger, TX
Bossier City, LA
Boston, MA
Bothell, WA
Boulder City, NV
Boulder, CO
Bound Brook, NJ
Bountiful, UT
Bourbonnais, IL
Bowie, MD
Bowie, TX
Bowling Green, KY
Bowling Green, MO
Bowling Green, OH
Boynton Beach, FL
Bozeman, MT
Bradenton, FL
Bradford, PA
Bradley Beach, NJ
Bradley, IL
Brady, TX
Braidwood, IL
Brainerd, MN
Brandon, MS
Brandon, SD
Branson, MO
Braselton, GA
Brawley, CA
Brazil, IN
Brea, CA
Breaux Bridge, LA
Breckenridge Hills, MO
Breckenridge, TX
Brecksville, OH
Breese, IL
Bremen, GA
Bremen, IN
Bremerton, WA
Brenham, TX
Brentwood, CA
Brentwood, MO
Brentwood, PA
Brentwood, TN
Brevard, NC
Brewer, ME
Brewton, AL
Briarcliff Manor, NY
Bridge City, TX
Bridgeport, CT
Bridgeport, PA
Bridgeport, TX
Bridgeport, WV
Bridgeton, MO
Bridgeton, NJ
Bridgeview, IL
Bridgeville, PA
Bridgewater, VA
Brielle, NJ
Brier, WA
Brigantine, NJ
Brigham City, UT
Brighton, CO
Brighton, MI
Bristol, CT
Bristol, PA
Bristol, TN
Bristol, VA
Bristow, OK
Broadview Heights, OH
Broadview, IL
Brockport, NY
Brockton, MA
Broken Arrow, OK
Bronxville, NY
Brookfield, IL
Brookfield, MO
Brookfield, WI
Brookhaven, MS
Brookhaven, PA
Brookings, OR
Brookings, SD
Brooklyn Center, MN
Brooklyn, OH
Brooklyn Park, MN
Brook Park, OH
Brooksville, FL
Brookville, OH
Broomfield, CO
Broussard, LA
Brown Deer, WI
Brownfield, TX
Brownsburg, IN
Brownsville, TN
Brownsville, TX
Brownwood, TX
Brunswick, GA
Brunswick, MD
Brunswick, OH
Brush, CO
Bryan, OH
Bryant, AR
Bryan, TX
Buchanan, MI
Buckeye, AZ
Buckhannon, WV
Buckley, WA
Bucyrus, OH
Buda, TX
Buena Park, CA
Buena Vista, VA
Buffalo Grove, IL
Buffalo, MN
Buffalo, NY
Buffalo, WY
Buford, GA
Bullhead City, AZ
Bulverde, TX
Bunkie, LA
Burbank, CA
Burbank, IL
Burien, WA
Burkburnett, TX
Burleson, TX
Burley, ID
Burlingame, CA
Burlington, IA
Burlington, NC
Burlington, NJ
Burlington, VT
Burlington, WA
Burlington, WI
Burnet, TX
Burnsville, MN
Burr Ridge, IL
Burton, MI
Butler, MO
Butler, NJ
Butler, PA
Butner, NC
Butte-Silver Bow, MT
Byron, GA
Byron, MN
Cabot, AR
Cadillac, MI
Cahokia, IL
Cairo, GA
Calabasas, CA
Caldwell, ID
Caldwell, NJ
Caledonia, WI
Calera, AL
Calexico, CA
Calhoun, GA
California City, CA
California, PA
Calimesa, CA
Calipatria, CA
Calistoga, CA
Callaway, FL
Calumet City, IL
Calumet Park, IL
Camarillo, CA
Camas, WA
Cambridge, MA
Cambridge, MD
Cambridge, MN
Cambridge, OH
Camden, AR
Camden, NJ
Camden, SC
Cameron, MO
Cameron, TX
Camilla, GA
Campbell, CA
Campbell, OH
Campbellsville, KY
Camp Hill, PA
Campton Hills, IL
Camp Verde, AZ
Canal Fulton, OH
Canal Winchester, OH
Canandaigua, NY
Canastota, NY
Canby, OR
Canfield, OH
Canonsburg, PA
Canton, GA
Canton, IL
Canton, MS
Canton, NY
Canton, OH
Canyon Lake, CA
Canyon, TX
Ca¤on City, CO
Cape Canaveral, FL
Cape Coral, FL
Cape Girardeau, MO
Capitola, CA
Carbondale, CO
Carbondale, IL
Carbondale, PA
Carencro, LA
Caribou, ME
Carlinville, IL
Carlisle, OH
Carlisle, PA
Carl Junction, MO
Carlsbad, CA
Carlsbad, NM
Carlstadt, NJ
Carmel, IN
Carmi, IL
Carnegie, PA
Carolina Beach, NC
Carol Stream, IL
Carpentersville, IL
Carpinteria, CA
Carrboro, NC
Carrizo Springs, TX
Carroll, IA
Carrollton, GA
Carrollton, TX
Carson, CA
Carson City, NV
Carteret, NJ
Cartersville, GA
Carterville, IL
Carthage, MO
Carthage, MS
Carthage, TX
Caruthersville, MO
Cary, IL
Cary, NC
Casa Grande, AZ
Casper, WY
Casselberry, FL
Castle Rock, CO
Castle Shannon, PA
Catasauqua, PA
Cathedral City, CA
Catoosa, OK
Cave Creek, AZ
Cayce, SC
Cedarburg, WI
Cedar City, UT
Cedar Falls, IA
Cedar Grove, FL
Cedar Hills, UT
Cedar Hill, TX
Cedarhurst, NY
Cedar Lake, IN
Cedar Park, TX
Cedar Rapids, IA
Cedartown, GA
Celina, OH
Celina, TX
Centennial, CO
Center Line, MI
Center Point, AL
Centerton, AR
Center, TX
Centerville, GA
Centerville, IA
Centerville, OH
Centerville, UT
Central City, KY
Central Falls, RI
Centralia, IL
Centralia, WA
Central Point, OR
Centreville, IL
Ceres, CA
Cerritos, CA
Chadron, NE
Chambersburg, PA
Chamblee, GA
Champaign, IL
Champlin, MN
Chandler, AZ
Chanhassen, MN
Channahon, IL
Chanute, KS
Chapel Hill, NC
Chardon, OH
Chariton, IA
Charleroi, PA
Charles City, IA
Charleston, IL
Charleston, MO
Charleston, SC
Charleston, WV
Charlestown, IN
Charles Town, WV
Charlotte, MI
Charlotte, NC
Charlottesville, VA
Chaska, MN
Chatham, IL
Chatham, NJ
Chattanooga, TN
Cheboygan, MI
Chehalis, WA
Chelsea, AL
Chelsea, MA
Chelsea, MI
Cheney, WA
Cheraw, SC
Cherokee, IA
Cherokee Village, AR
Cherry Hills Village, CO
Cherryville, NC
Chesapeake, VA
Chesterfield, MO
Chester, IL
Chester, PA
Chester, SC
Chesterton, IN
Chestertown, MD
Chestnut Ridge, NY
Cheverly, MD
Cheviot, OH
Cheyenne, WY
Chicago Heights, IL
Chicago, IL
Chicago Ridge, IL
Chickasaw, AL
Chickasha, OK
Chico, CA
Chicopee, MA
Childersburg, AL
Childress, TX
Chillicothe, IL
Chillicothe, MO
Chillicothe, OH
Chino, CA
Chino Hills, CA
Chino Valley, AZ
Chippewa Falls, WI
Chisholm, MN
Chittenango, NY
Choctaw, OK
Chowchilla, CA
Christiansburg, VA
Chubbuck, ID
Chula Vista, CA
Church Hill, TN
Church Point, LA
Cibolo, TX
Cicero, IL
Cicero, IN
Cincinnati, OH
Circle Pines, MN
Circleville, OH
Citrus Heights, CA
Clairton, PA
Clanton, AL
Claremont, CA
Claremont, NH
Claremore, OK
Clarendon Hills, IL
Clarinda, IA
Clarion, PA
Clarksburg, WV
Clarksdale, MS
Clarks Summit, PA
Clarkston, GA
Clarkston, WA
Clarksville, AR
Clarksville, IN
Clarksville, TN
Clawson, MI
Clay, AL
Clay Center, KS
Clayton, CA
Clayton, MO
Clayton, NC
Clayton, NJ
Clayton, OH
Clearfield, PA
Clearfield, UT
Clearlake, CA
Clear Lake, IA
Clearwater, FL
Cleburne, TX
Clementon, NJ
Clemmons, NC
Clemson, SC
Clermont, FL
Cleveland Heights, OH
Cleveland, MS
Cleveland, OH
Cleveland, TN
Cleveland, TX
Clewiston, FL
Cliffside Park, NJ
Clifton Heights, PA
Clifton, NJ
Clinton, IA
Clinton, IL
Clinton, IN
Clinton, MO
Clinton, MS
Clinton, NC
Clinton, OK
Clinton, SC
Clinton, TN
Clinton, UT
Clive, IA
Cloquet, MN
Closter, NJ
Cloverdale, CA
Clover, SC
Clovis, CA
Clovis, NM
Clute, TX
Clyde, OH
Coachella, CA
Coal City, IL
Coalinga, CA
Coatesville, PA
Cobleskill, NY
Cochran, GA
Cocoa Beach, FL
Cocoa, FL
Coconut Creek, FL
Cody, WY
Coeur d'Alene, ID
Coffeyville, KS
Cohoes, NY
Colby, KS
Cold Spring, KY
Coldwater, MI
Coldwater, OH
Coleman, TX
Collegedale, TN
College Park, GA
College Park, MD
College Place, WA
College Station, TX
Collegeville, PA
Colleyville, TX
Collierville, TN
Collingdale, PA
Collingswood, NJ
Collinsville, IL
Collinsville, OK
Colona, IL
Colonial Heights, VA
Colonie, NY
Colorado City, AZ
Colorado Springs, CO
Colton, CA
Columbia City, IN
Columbia Falls, MT
Columbia Heights, MN
Columbia, IL
Columbia, MO
Columbia, MS
Columbiana, OH
Columbia, PA
Columbia, SC
Columbia, TN
Columbus, GA
Columbus, IN
Columbus, MS
Columbus, NE
Columbus, OH
Columbus, WI
Colusa, CA
Colville, WA
Commerce, CA
Commerce City, CO
Commerce, GA
Commerce, TX
Compton, CA
Concord, CA
Concordia, KS
Concord, NC
Concord, NH
Conneaut, OH
Connellsville, PA
Connersville, IN
Conover, NC
Conroe, TX
Conshohocken, PA
Converse, TX
Conway, AR
Conway, SC
Conyers, GA
Cookeville, TN
Coolidge, AZ
Coon Rapids, MN
Cooper City, FL
Coos Bay, OR
Coppell, TX
Copperas Cove, TX
Coral Gables, FL
Coral Springs, FL
Coralville, IA
Coraopolis, PA
Corbin, KY
Corcoran, CA
Corcoran, MN
Cordele, GA
Corinth, MS
Corinth, TX
Cornelius, NC
Cornelius, OR
Corning, CA
Corning, NY
Corona, CA
Coronado, CA
Corpus Christi, TX
Corrales, NM
Corry, PA
Corsicana, TX
Corte Madera, CA
Cortez, CO
Cortland, NY
Cortland, OH
Corvallis, OR
Coshocton, OH
Costa Mesa, CA
Cotati, CA
Cottage Grove, MN
Cottage Grove, OR
Cottage Grove, WI
Cottonwood, AZ
Cottonwood Heights, UT
Council Bluffs, IA
Country Club Hills, IL
Countryside, IL
Covina, CA
Covington, GA
Covington, KY
Covington, LA
Covington, TN
Covington, VA
Covington, WA
Coweta, OK
Crafton, PA
Craig, CO
Cranston, RI
Crawfordsville, IN
Crescent City, CA
Cresskill, NJ
Crest Hill, IL
Crestline, OH
Creston, IA
Crestview, FL
Crestwood, IL
Crestwood, MO
Creswell, OR
Crete, IL
Crete, NE
Creve Coeur, IL
Creve Coeur, MO
Crockett, TX
Crookston, MN
Crossett, AR
Crossville, TN
Croton-on-Hudson, NY
Crowley, LA
Crowley, TX
Crown Point, IN
Crystal City, MO
Crystal City, TX
Crystal Lake, IL
Crystal, MN
Crystal Springs, MS
Cudahy, CA
Cudahy, WI
Cuero, TX
Cullman, AL
Culpeper, VA
Culver City, CA
Cumberland, IN
Cumberland, MD
Cumming, GA
Cupertino, CA
Cushing, OK
Cusseta, GA
Cutler Bay, FL
Cuyahoga Falls, OH
Cynthiana, KY
Cypress, CA
Dacula, GA
Dade City, FL
Dahlonega, GA
Daleville, AL
Dalhart, TX
Dallas, GA
Dallas, OR
Dallas, TX
Dalton, GA
Daly City, CA
Damascus, OR
Dana Point, CA
Danbury, CT
Dania Beach, FL
Danielson, CT
Dansville, NY
Danville, CA
Danville, IL
Danville, IN
Danville, KY
Danville, PA
Danville, VA
Daphne, AL
Darby, PA
Dardanelle, AR
Dardenne Prairie, MO
Darien, IL
Darlington, SC
Davenport, IA
Davidson, NC
Davie, FL
Davis, CA
Davison, MI
Dawson, GA
Daytona Beach, FL
Daytona Beach Shores, FL
Dayton, KY
Dayton, MN
Dayton, OH
Dayton, TN
Dayton, TX
Dearborn Heights, MI
Dearborn, MI
DeBary, FL
Decatur, AL
Decatur, GA
Decatur, IL
Decatur, IN
Decatur, TX
Decorah, IA
Deerfield Beach, FL
Deerfield, IL
Deer Park, OH
Deer Park, TX
Defiance, OH
DeForest, WI
De Funiak Springs, FL
DeKalb, IL
Delafield, WI
De Land, FL
Delano, CA
Delano, MN
Delavan, WI
Delaware, OH
Del City, OK
Dellwood, MO
Del Mar, CA
Delphos, OH
Delray Beach, FL
Del Rio, TX
Delta, CO
Deltona, FL
Demarest, NJ
Deming, NM
Demopolis, AL
De Motte, IN
Denham Springs, LA
Denison, IA
Denison, TX
Denton, TX
Denver, CO
De Pere, WI
Depew, NY
De Queen, AR
Derby, CT
Derby, KS
DeRidder, LA
Desert Hot Springs, CA
Desloge, MO
Des Moines, IA
Des Moines, WA
De Soto, KS
De Soto, MO
DeSoto, TX
Des Peres, MO
Des Plaines, IL
Destin, FL
Detroit Lakes, MN
Detroit, MI
Devils Lake, ND
Devine, TX
De Witt, IA
DeWitt, MI
Dexter, MO
Diamond Bar, CA
D'Iberville, MS
Diboll, TX
Dickinson, ND
Dickinson, TX
Dickson City, PA
Dickson, TN
Dillon, SC
Dinuba, CA
District Heights, MD
Dixon, CA
Dixon, IL
Dobbs Ferry, NY
Dodge City, KS
Dodgeville, WI
Dolton, IL
Donaldsonville, LA
Donna, TX
Donora, PA
Doral, FL
Doraville, GA
Dormont, PA
Dos Palos, CA
Dothan, AL
Douglas, AZ
Douglas, GA
Douglass Hills, KY
Douglasville, GA
Douglas, WY
Dover, DE
Dover, NH
Dover, NJ
Dover, OH
Dowagiac, MI
Downers Grove, IL
Downey, CA
Downingtown, PA
Doylestown, PA
Draper, UT
Duarte, CA
Dublin, CA
Dublin, GA
Dublin, OH
DuBois, PA
Dubuque, IA
Duluth, GA
Duluth, MN
Dumas, AR
Dumas, TX
Dumfries, VA
Dumont, NJ
Dunbar, WV
Duncan, OK
Duncanville, TX
Dunedin, FL
Dunellen, NJ
Dunkirk, NY
Dunlap, TN
Dunmore, PA
Dunn, NC
DuPont, WA
Duquesne, PA
Du Quoin, IL
Durango, CO
Durant, OK
Durham, NC
Duryea, PA
Duvall, WA
Dyer, IN
Dyersburg, TN
Eagan, MN
Eagar, AZ
Eagle, CO
Eagle, ID
Eagle Mountain, UT
Eagle Pass, TX
Eagle Point, OR
Easley, SC
East Alton, IL
East Aurora, NY
East Bethel, MN
East Chicago, IN
East Cleveland, OH
East Grand Forks, MN
East Grand Rapids, MI
Easthampton, MA
East Hills, NY
Eastlake, OH
East Lansing, MI
East Liverpool, OH
Eastman, GA
East Moline, IL
Easton, MD
Easton, PA
East Orange, NJ
East Palestine, OH
East Palo Alto, CA
East Peoria, IL
East Petersburg, PA
Eastpointe, MI
East Point, GA
East Providence, RI
East Ridge, TN
East Rochester, NY
East Rockaway, NY
East Rutherford, NJ
East St. Louis, IL
East Stroudsburg, PA
East Troy, WI
East Wenatchee, WA
Eaton, OH
Eaton Rapids, MI
Eatonton, GA
Eatontown, NJ
Eau Claire, WI
Economy, PA
Ecorse, MI
Edcouch, TX
Eden, NC
Eden Prairie, MN
Edenton, NC
Edgefield, SC
Edgerton, WI
Edgewater, CO
Edgewater, FL
Edgewater, NJ
Edgewood, KY
Edgewood, WA
Edina, MN
Edinboro, PA
Edinburgh, IN
Edinburg, TX
Edmond, OK
Edmonds, WA
Edna, TX
Edwardsville, IL
Edwardsville, KS
Edwardsville, PA
Effingham, IL
Egg Harbor City, NJ
Elberton, GA
Elburn, IL
El Cajon, CA
El Campo, TX
El Centro, CA
El Cerrito, CA
Eldon, MO
El Dorado, AR
Eldorado, IL
El Dorado, KS
Eldridge, IA
Elgin, IL
Elgin, TX
Elizabeth City, NC
Elizabeth, NJ
Elizabethton, TN
Elizabethtown, KY
Elizabethtown, PA
Elk City, OK
Elk Grove, CA
Elk Grove Village, IL
Elkhart, IN
Elkhorn, WI
Elkins, WV
Elko, NV
Elk River, MN
Elkton, MD
Ellensburg, WA
Ellettsville, IN
Ellisville, MO
Ellisville, MS
Ellsworth, ME
Ellwood City, PA
Elm Grove, WI
Elmhurst, IL
El Mirage, AZ
Elmira, NY
El Monte, CA
Elmsford, NY
Elmwood Park, IL
Elmwood Park, NJ
Elon, NC
Eloy, AZ
El Paso, TX
El Reno, OK
Elsa, TX
El Segundo, CA
Elsmere, DE
Elsmere, KY
Elwood, IN
Elyria, OH
Emerson, NJ
Emeryville, CA
Emmaus, PA
Emmett, ID
Emporia, KS
Emporia, VA
Encinitas, CA
Endicott, NY
Englewood Cliffs, NJ
Englewood, CO
Englewood, NJ
Englewood, OH
Enid, OK
Ennis, TX
Enoch, UT
Enterprise, AL
Enumclaw, WA
Ephraim, UT
Ephrata, PA
Ephrata, WA
Erie, CO
Erie, PA
Erlanger, KY
Erwin, NC
Erwin, TN
Escalon, CA
Escanaba, MI
Escondido, CA
Espanola, NM
Essex Junction, VT
Estes Park, CO
Estherville, IA
Euclid, OH
Eudora, KS
Eufaula, AL
Eugene, OR
Euless, TX
Eunice, LA
Eureka, CA
Eureka, IL
Eureka, MO
Eustis, FL
Evans, CO
Evansdale, IA
Evanston, IL
Evanston, WY
Evansville, IN
Evansville, WI
Everett, MA
Everett, WA
Evergreen Park, IL
Everman, TX
Excelsior Springs, MO
Exeter, CA
Exeter, PA
Fairbanks, AK
Fairborn, OH
Fairburn, GA
Fairfax, CA
Fairfax, VA
Fairfield, AL
Fairfield, CA
Fairfield, IA
Fairfield, IL
Fairfield, OH
Fair Haven, NJ
Fairhope, AL
Fair Lawn, NJ
Fairlawn, OH
Fairmont, MN
Fairmont, WV
Fair Oaks Ranch, TX
Fairport, NY
Fairview Heights, IL
Fairview, NC
Fairview, NJ
Fairview, OR
Fairview Park, OH
Fairview, TN
Fairview, TX
Falcon Heights, MN
Falfurrias, TX
Fallon, NV
Fall River, MA
Falls Church, VA
Fanwood, NJ
Fargo, ND
Faribault, MN
Farmers Branch, TX
Farmersville, CA
Farmingdale, NY
Farmington, AR
Farmington Hills, MI
Farmington, MI
Farmington, MN
Farmington, MO
Farmington, NM
Farmington, UT
Farmville, NC
Farmville, VA
Farragut, TN
Farrell, PA
Farr West, UT
Fate, TX
Fayette, AL
Fayetteville, AR
Fayetteville, GA
Fayetteville, NC
Fayetteville, TN
Federal Heights, CO
Federal Way, WA
Fellsmere, FL
Fenton, MI
Fergus Falls, MN
Ferguson, MO
Fernandina Beach, FL
Ferndale, MI
Ferndale, WA
Fernley, NV
Festus, MO
Fife, WA
Fillmore, CA
Findlay, OH
Fircrest, WA
Firebaugh, CA
Firestone, CO
Fishers, IN
Fitchburg, MA
Fitchburg, WI
Fitzgerald, GA
Flagler Beach, FL
Flagstaff, AZ
Flat Rock, MI
Flatwoods, KY
Fletcher, NC
Flint, MI
Flora, IL
Floral Park, NY
Florence, AL
Florence, AZ
Florence, KY
Florence, OR
Florence, SC
Floresville, TX
Florham Park, NJ
Florida City, FL
Florissant, MO
Flossmoor, IL
Flower Hill, NY
Flower Mound, TX
Flowood, MS
Flushing, MI
Folcroft, PA
Foley, AL
Folsom, CA
Fond du Lac, WI
Fontana, CA
Forest Acres, SC
Forest City, NC
Forest Grove, OR
Forest Hills, PA
Forest Hills, TN
Forest Hill, TX
Forest Lake, MN
Forest, MS
Forest Park, GA
Forest Park, IL
Forest Park, OH
Forney, TX
Forrest City, AR
Forsyth, GA
Fort Atkinson, WI
Fort Bragg, CA
Fort Collins, CO
Fort Dodge, IA
Fort Gibson, OK
Fort Lauderdale, FL
Fort Lee, NJ
Fort Lupton, CO
Fort Madison, IA
Fort Meade, FL
Fort Mill, SC
Fort Mitchell, KY
Fort Morgan, CO
Fort Myers Beach, FL
Fort Myers, FL
Fort Oglethorpe, GA
Fort Payne, AL
Fort Pierce, FL
Fort Scott, KS
Fort Smith, AR
Fort Stockton, TX
Fort Thomas, KY
Fortuna, CA
Fort Valley, GA
Fort Walton Beach, FL
Fort Wayne, IN
Fort Worth, TX
Fort Wright, KY
Foster City, CA
Fostoria, OH
Fountain, CO
Fountain Hill, PA
Fountain Hills, AZ
Fountain Inn, SC
Fountain Valley, CA
Fowler, CA
Fox Chapel, PA
Fox Lake, IL
Fox Point, WI
Fox River Grove, IL
Frankenmuth, MI
Frankfort, IL
Frankfort, IN
Frankfort, KY
Franklin, IN
Franklin, KY
Franklin, LA
Franklin Lakes, NJ
Franklin, MA
Franklin, NH
Franklin, NJ
Franklin, OH
Franklin, PA
Franklin Park, IL
Franklin Park, PA
Franklin, TN
Franklin, VA
Franklin, WI
Fraser, MI
Frederick, CO
Frederick, MD
Fredericksburg, TX
Fredericksburg, VA
Fredonia, NY
Freeburg, IL
Freehold, NJ
Freeport, IL
Freeport, NY
Freeport, TX
Fremont, CA
Fremont, NE
Fremont, OH
Fresno, CA
Fridley, MN
Friendswood, TX
Frisco, TX
Front Royal, VA
Frostburg, MD
Fruita, CO
Fruit Heights, UT
Fruitland, ID
Fruitland, MD
Fullerton, CA
Fultondale, AL
Fulton, MO
Fulton, NY
Fuquay-Varina, NC
Gadsden, AL
Gaffney, SC
Gahanna, OH
Gainesville, FL
Gainesville, GA
Gainesville, TX
Gaithersburg, MD
Galax, VA
Galena Park, TX
Galesburg, IL
Galion, OH
Gallatin, TN
Gallup, NM
Galt, CA
Galveston, TX
Gardena, CA
Garden City, GA
Garden City, ID
Garden City, KS
Garden City, MI
Garden City, NY
Gardendale, AL
Garden Grove, CA
Gardiner, ME
Gardner, KS
Gardner, MA
Garfield Heights, OH
Garfield, NJ
Garland, TX
Garner, NC
Garrett, IN
Garwood, NJ
Gary, IN
Gas City, IN
Gastonia, NC
Gatesville, TX
Gatlinburg, TN
Gautier, MS
Geneseo, IL
Geneseo, NY
Geneva, AL
Geneva, IL
Geneva, NY
Geneva, OH
Genoa, IL
Georgetown, DE
Georgetown, KY
Georgetown, SC
Georgetown, TX
Gering, NE
Germantown, OH
Germantown, TN
Germantown, WI
Gettysburg, PA
Gibraltar, MI
Gibsonville, NC
Giddings, TX
Gig Harbor, WA
Gilbert, AZ
Gilberts, IL
Gillette, WY
Gilmer, TX
Gilroy, CA
Girard, OH
Gladewater, TX
Gladstone, MI
Gladstone, MO
Gladstone, OR
Glasgow, KY
Glassboro, NJ
Glassport, PA
Glenarden, MD
Glen Carbon, IL
Glencoe, AL
Glencoe, IL
Glencoe, MN
Glen Cove, NY
Glendale, AZ
Glendale, CA
Glendale, CO
Glendale Heights, IL
Glendale, MO
Glendale, WI
Glendive, MT
Glendora, CA
Glen Ellyn, IL
Glenn Heights, TX
Glennville, GA
Glenolden, PA
Glenpool, OK
Glen Ridge, NJ
Glen Rock, NJ
Glens Falls, NY
Glenview, IL
Glenwood, IA
Glenwood, IL
Glenwood Springs, CO
Globe, AZ
Gloucester City, NJ
Gloucester, MA
Gloversville, NY
Godfrey, IL
Golden, CO
Golden Valley, MN
Goldsboro, NC
Goleta, CA
Gonzales, CA
Gonzales, LA
Gonzales, TX
Goodland, KS
Goodlettsville, TN
Goodyear, AZ
Goose Creek, SC
Goshen, IN
Goshen, NY
Grafton, OH
Grafton, WI
Grafton, WV
Graham, NC
Graham, TX
Grain Valley, MO
Grambling, LA
Granbury, TX
Grand Blanc, MI
Grand Forks, ND
Grand Haven, MI
Grand Island, NE
Grand Junction, CO
Grand Ledge, MI
Grand Prairie, TX
Grand Rapids, MI
Grand Rapids, MN
Grand Terrace, CA
Grandview Heights, OH
Grandview, MO
Grandview, WA
Grandville, MI
Granite City, IL
Granite Falls, NC
Grants, NM
Grants Pass, OR
Grantsville, UT
Granville, OH
Grapevine, TX
Grass Valley, CA
Grayslake, IL
Great Bend, KS
Great Falls, MT
Great Neck, NY
Great Neck Plaza, NY
Greeley, CO
Greenacres, FL
Green Bay, WI
Greenbelt, MD
Greenbrier, AR
Greenbrier, TN
Greencastle, IN
Green Cove Springs, FL
Greendale, IN
Greendale, WI
Greeneville, TN
Greenfield, CA
Greenfield, IN
Greenfield, OH
Greenfield, WI
Green, OH
Green River, WY
Greensboro, NC
Greensburg, IN
Greensburg, PA
Green Tree, PA
Greenville, AL
Greenville, IL
Greenville, MI
Greenville, MS
Greenville, NC
Greenville, OH
Greenville, PA
Greenville, SC
Greenville, TX
Greenwood, AR
Greenwood, IN
Greenwood, MO
Greenwood, MS
Greenwood, SC
Greenwood Village, CO
Greer, SC
Grenada, MS
Gresham, OR
Gretna, LA
Gretna, NE
Gridley, CA
Griffin, GA
Griffith, IN
Grimes, IA
Grinnell, IA
Grosse Pointe Farms, MI
Grosse Pointe, MI
Grosse Pointe Park, MI
Grosse Pointe Woods, MI
Groton, CT
Grove City, OH
Grove City, PA
Groveland, FL
Grove, OK
Groveport, OH
Grover Beach, CA
Groves, TX
Grovetown, GA
Guadalupe, AZ
Guadalupe, CA
Gulf Breeze, FL
Gulfport, FL
Gulfport, MS
Gulf Shores, AL
Gun Barrel City, TX
Gunnison, CO
Guntersville, AL
Gurnee, IL
Gustine, CA
Guthrie, OK
Guttenberg, NJ
Guymon, OK
Gypsum, CO
Hackensack, NJ
Hackettstown, NJ
Haddonfield, NJ
Haddon Heights, NJ
Hagerstown, MD
Hailey, ID
Haines City, FL
Haledon, NJ
Hales Corners, WI
Half Moon Bay, CA
Hallandale Beach, FL
Haltom City, TX
Hamburg, NY
Hamilton, AL
Hamilton, MT
Hamilton, OH
Ham Lake, MN
Hamlet, NC
Hammond, IN
Hammond, LA
Hammonton, NJ
Hampshire, IL
Hampstead, MD
Hampton, GA
Hampton, VA
Hamtramck, MI
Hanahan, SC
Hanford, CA
Hannibal, MO
Hanover, PA
Hanover Park, IL
Hapeville, GA
Happy Valley, OR
Harahan, LA
Harker Heights, TX
Harlan, IA
Harlingen, TX
Harper Woods, MI
Harrah, OK
Harriman, TN
Harrington Park, NJ
Harrisburg, IL
Harrisburg, NC
Harrisburg, PA
Harrison, AR
Harrisonburg, VA
Harrison, NJ
Harrison, NY
Harrison, OH
Harrisonville, MO
Harrisville, UT
Harrodsburg, KY
Hartford City, IN
Hartford, CT
Hartford, WI
Hartland, WI
Hartselle, AL
Hartsville, SC
Hartsville, TN
Hartwell, GA
Harvard, IL
Harvey, IL
Harwood Heights, IL
Hasbrouck Heights, NJ
Hastings, MI
Hastings, MN
Hastings, NE
Hastings-on-Hudson, NY
Hatboro, PA
Hattiesburg, MS
Havelock, NC
Haverhill, MA
Haverstraw, NY
Havre de Grace, MD
Havre, MT
Hawaiian Gardens, CA
Hawthorne, CA
Hawthorne, NJ
Hawthorn Woods, IL
Hayden, ID
Hays, KS
Haysville, KS
Hayward, CA
Hazard, KY
Hazel Crest, IL
Hazel Park, MI
Hazelwood, MO
Hazlehurst, MS
Hazleton, PA
Healdsburg, CA
Hearne, TX
Heath, OH
Heath, TX
Heber Springs, AR
Heber, UT
Helena, AL
Helena, MT
Helena-West Helena, AR
Hellertown, PA
Helotes, TX
Hemet, CA
Hempstead, NY
Hempstead, TX
Henderson, KY
Henderson, NC
Henderson, NV
Henderson, TN
Henderson, TX
Hendersonville, NC
Hendersonville, TN
Henryetta, OK
Hephzibah, GA
Hercules, CA
Hereford, TX
Herkimer, NY
Hermantown, MN
Hermiston, OR
Hermitage, PA
Hermosa Beach, CA
Hernando, MS
Herndon, VA
Herriman, UT
Herrin, IL
Hesperia, CA
Hewitt, TX
Hialeah, FL
Hialeah Gardens, FL
Hiawatha, IA
Hibbing, MN
Hickory Hills, IL
Hickory, NC
Hidalgo, TX
Higginsville, MO
Highland, CA
Highland Heights, KY
Highland Heights, OH
Highland, IL
Highland, IN
Highland Park, IL
Highland Park, MI
Highland Park, NJ
Highland Park, TX
Highlands, NJ
Highland, UT
Highland Village, TX
High Point, NC
High Springs, FL
Hightstown, NJ
Highwood, IL
Hilliard, OH
Hillsboro, IL
Hillsboro, OH
Hillsboro, OR
Hillsboro, TX
Hillsborough, CA
Hillsborough, NC
Hillsdale, MI
Hillsdale, NJ
Hillside, IL
Hillview, KY
Hilton Head Island, SC
Hilton, NY
Hinesville, GA
Hinsdale, IL
Hitchcock, TX
Hobart, IN
Hobart, WI
Hobbs, NM
Hoboken, NJ
Hoffman Estates, IL
Hokes Bluff, AL
Holbrook, AZ
Holdenville, OK
Holdrege, NE
Holladay, UT
Holland, MI
Hollidaysburg, PA
Hollister, CA
Holly Hill, FL
Holly, MI
Holly Springs, GA
Holly Springs, MS
Holly Springs, NC
Hollywood, FL
Hollywood, SC
Holmen, WI
Holmes Beach, FL
Holtville, CA
Holyoke, MA
Homer, AK
Homer Glen, IL
Homestead, FL
Homewood, AL
Homewood, IL
Hondo, TX
Honesdale, PA
Honolulu, HI
Hood River, OR
Hooper, UT
Hoopeston, IL
Hoover, AL
Hopatcong, NJ
Hope, AR
Hope Mills, NC
Hopewell, VA
Hopkins, MN
Hopkinsville, KY
Hoquiam, WA
Horizon City, TX
Hornell, NY
Horn Lake, MS
Horseheads, NY
Hot Springs, AR
Houghton, MI
Houma, LA
Houston, TX
Howard, WI
Howell, MI
Hubbard, OH
Huber Heights, OH
Hudson Falls, NY
Hudson, NY
Hudson, OH
Hudson, TX
Hudsonville, MI
Hudson, WI
Hueytown, AL
Hughson, CA
Hugo, MN
Hugo, OK
Humble, TX
Humboldt, TN
Hummelstown, PA
Hunters Creek Village, TX
Huntersville, NC
Huntingburg, IN
Huntingdon, PA
Huntington Beach, CA
Huntington, IN
Huntington Park, CA
Huntington Woods, MI
Huntington, WV
Huntley, IL
Huntsville, AL
Huntsville, TX
Huron, CA
Huron, OH
Huron, SD
Hurricane, UT
Hurricane, WV
Hurstbourne, KY
Hurst, TX
Hutchinson, KS
Hutchinson, MN
Hutto, TX
Hyattsville, MD
Hyrum, UT
Idabel, OK
Idaho Falls, ID
Ilion, NY
Imperial Beach, CA
Imperial, CA
Independence, IA
Independence, KS
Independence, KY
Independence, MO
Independence, OH
Independence, OR
Indiana, PA
Indianapolis, IN
Indian Harbour Beach, FL
Indianola, IA
Indianola, MS
Indian Rocks Beach, FL
Indian Trail, NC
Indian Wells, CA
Indio, CA
Ingleside, TX
Inglewood, CA
Inkster, MI
International Falls, MN
Inver Grove Heights, MN
Inverness, FL
Inverness, IL
Iola, KS
Ione, CA
Ionia, MI
Iowa City, IA
Iowa Falls, IA
Iowa Park, TX
Irmo, SC
Irondale, AL
Iron Mountain, MI
Ironton, OH
Ironwood, MI
Irvine, CA
Irvington, NY
Irving, TX
Isanti, MN
Ishpeming, MI
"Islamorada,  Village of Islands"
Island Lake, IL
Island Park, NY
Isle of Palms, SC
Issaquah, WA
Itasca, IL
Ithaca, NY
Ivins, UT
Jacinto City, TX
Jacksboro, TX
Jackson, AL
Jackson, CA
Jackson, GA
Jackson, MI
Jackson, MO
Jackson, MS
Jackson, OH
Jackson, TN
Jacksonville, AL
Jacksonville, AR
Jacksonville Beach, FL
Jacksonville, FL
Jacksonville, IL
Jacksonville, NC
Jacksonville, TX
Jackson, WI
Jackson, WY
Jamesburg, NJ
Jamestown, ND
Jamestown, NY
Janesville, WI
Jasper, AL
Jasper, IN
Jasper, TX
Jeanerette, LA
Jeannette, PA
Jefferson City, MO
Jefferson City, TN
Jefferson, GA
Jefferson Hills, PA
Jeffersontown, KY
Jeffersonville, IN
Jefferson, WI
Jenkintown, PA
Jenks, OK
Jennings, LA
Jennings, MO
Jerome, ID
Jersey City, NJ
Jersey Shore, PA
Jersey Village, TX
Jerseyville, IL
Jessup, PA
Jesup, GA
Jim Thorpe, PA
Johnsburg, IL
Johns Creek, GA
Johnson City, NY
Johnson City, TN
Johnston, IA
Johnstown, CO
Johnstown, NY
Johnstown, PA
Joliet, IL
Jonesboro, AR
Jonesborough, TN
Joplin, MO
Jordan, MN
Joshua, TX
Jourdanton, TX
Junction City, KS
Junction City, OR
Juneau, AK
Jupiter, FL
Justice, IL
Kalamazoo, MI
Kalispell, MT
Kankakee, IL
Kannapolis, NC
Kansas City, KS
Kansas City, MO
Kaplan, LA
Kaser, NY
Kasson, MN
Katy, TX
Kaufman, TX
Kaukauna, WI
Kaysville, UT
Keansburg, NJ
Kearney, MO
Kearney, NE
Kearny, NJ
Keene, NH
Keene, TX
Keizer, OR
Keller, TX
Kelso, WA
Kenai, AK
Kendallville, IN
Kenilworth, NJ
Kenmore, NY
Kenmore, WA
Kennedale, TX
Kenner, LA
Kennesaw, GA
Kenneth City, FL
Kennett, MO
Kennett Square, PA
Kennewick, WA
Kenosha, WI
Kent, OH
Kenton, OH
Kent, WA
Kentwood, MI
Keokuk, IA
Kerman, CA
Kermit, TX
Kernersville, NC
Kerrville, TX
Ketchikan, AK
Kettering, OH
Kewanee, IL
Key Biscayne, FL
Keyport, NJ
Keyser, WV
Key West, FL
Kilgore, TX
Kill Devil Hills, NC
Killeen, TX
Kimberly, WI
King City, CA
Kingfisher, OK
Kingman, AZ
King, NC
Kingsburg, CA
Kingsford, MI
Kingsland, GA
Kings Mountain, NC
Kings Point, NY
Kingsport, TN
Kingston, NY
Kingston, PA
Kingston, TN
Kingsville, TX
Kinnelon, NJ
Kinston, NC
Kirby, TX
Kirkland, WA
Kirksville, MO
Kirkwood, MO
Kirtland, OH
Kiryas Joel, NY
Kissimmee, FL
Kittanning, PA
Klamath Falls, OR
Knightdale, NC
Knoxville, IA
Knoxville, TN
Kodiak, AK
Kokomo, IN
Kosciusko, MS
Kronenwetter, WI
Krum, TX
Kuna, ID
Kutztown, PA
Kyle, TX
LaBelle, FL
La Ca¤ada Flintridge, CA
Lacey, WA
Lackawanna, NY
Laconia, NH
La Crescent, MN
La Crosse, WI
Lacy-Lakeview, TX
Ladue, MO
Lady Lake, FL
Lafayette, CA
Lafayette, CO
LaFayette, GA
Lafayette, IN
Lafayette, LA
Lafayette, TN
La Feria, TX
La Follette, TN
Lago Vista, TX
La Grande, OR
LaGrange, GA
La Grange, IL
La Grange, KY
La Grange Park, IL
La Grange, TX
Laguna Beach, CA
Laguna Hills, CA
Laguna Niguel, CA
Laguna Woods, CA
La Habra, CA
La Habra Heights, CA
La Joya, TX
La Junta, CO
Lake Alfred, FL
Lake Barrington, IL
Lake Bluff, IL
Lake Charles, LA
Lake City, FL
Lake City, MN
Lake City, SC
Lake Dallas, TX
Lake Elmo, MN
Lake Elsinore, CA
Lake Forest, CA
Lake Forest, IL
Lake Forest Park, WA
Lake Geneva, WI
Lake Grove, NY
Lake Hallie, WI
Lake Havasu City, AZ
Lake in the Hills, IL
Lake Jackson, TX
Lakeland, FL
Lakeland, TN
Lake Mary, FL
Lake Mills, WI
Lakemoor, IL
Lake Oswego, OR
Lake Park, FL
Lakeport, CA
Lake Station, IN
Lake Stevens, WA
Lake St. Louis, MO
Lake Villa, IL
Lakeville, MN
Lake Wales, FL
Lakeway, TX
Lakewood, CA
Lakewood, CO
Lakewood, OH
Lakewood, WA
Lake Worth, FL
Lake Worth, TX
Lake Zurich, IL
Lamar, CO
Lamar, MO
La Marque, TX
La Mesa, CA
Lamesa, TX
La Mirada, CA
Lampasas, TX
Lancaster, CA
Lancaster, KY
Lancaster, NY
Lancaster, OH
Lancaster, PA
Lancaster, SC
Lancaster, TX
Lander, WY
Lanett, AL
Lansdale, PA
Lansdowne, PA
Lansing, IL
Lansing, KS
Lansing, MI
Lantana, FL
La Palma, CA
Lapeer, MI
La Plata, MD
La Porte, IN
La Porte, TX
La Puente, CA
La Quinta, CA
Laramie, WY
Larchmont, NY
Laredo, TX
Largo, FL
Larkspur, CA
Larksville, PA
LaSalle, IL
Las Cruces, NM
Las Vegas, NM
Las Vegas, NV
Lathrop, CA
Latrobe, PA
Lauderdale-by-the-Sea, FL
Lauderdale Lakes, FL
Lauderhill, FL
Laurel, MD
Laurel, MS
Laurel, MT
Laurens, SC
Laurinburg, NC
La Vergne, TN
La Verkin, UT
La Verne, CA
La Vista, NE
Lawndale, CA
Lawrenceburg, IN
Lawrenceburg, KY
Lawrenceburg, TN
Lawrence, IN
Lawrence, KS
Lawrence, MA
Lawrence, NY
Lawrenceville, GA
Lawrenceville, IL
Lawton, OK
Layton, UT
League City, TX
Leander, TX
Leavenworth, KS
Leawood, KS
Lebanon, IL
Lebanon, IN
Lebanon, KY
Lebanon, MO
Lebanon, NH
Lebanon, OH
Lebanon, OR
Lebanon, PA
Lebanon, TN
Leeds, AL
Leesburg, FL
Leesburg, VA
Lee's Summit, MO
Leesville, LA
Lehighton, PA
Lehi, UT
Leitchfield, KY
Leland, MS
Leland, NC
Le Mars, IA
Lemon Grove, CA
Lemont, IL
Lemoore, CA
Lenexa, KS
Lenoir City, TN
Lenoir, NC
Leominster, MA
Leonia, NJ
Leon Valley, TX
Levelland, TX
Lewisburg, PA
Lewisburg, TN
Lewiston, ID
Lewiston, ME
Lewistown, MT
Lewistown, PA
Lewisville, NC
Lewisville, TX
Lexington, KY
Lexington, MO
Lexington, NC
Lexington, NE
Lexington, SC
Lexington, TN
Lexington, VA
Liberal, KS
Liberty Lake, WA
Liberty, MO
Liberty, TX
Libertyville, IL
Lighthouse Point, FL
Ligonier, IN
Lilburn, GA
Lima, OH
Lincoln, AL
Lincoln, CA
Lincoln City, OR
Lincoln, IL
Lincoln, NE
Lincoln Park, MI
Lincoln Park, NJ
Lincolnshire, IL
Lincolnton, NC
Lincolnwood, IL
Lindale, TX
Lindenhurst, IL
Lindenhurst, NY
Linden, NJ
Lindenwold, NJ
Lindon, UT
Lindsay, CA
Lino Lakes, MN
Linton, IN
Linwood, NJ
Lisle, IL
Litchfield, IL
Litchfield, MN
Litchfield Park, AZ
Lititz, PA
Little Canada, MN
Little Chute, WI
Little Elm, TX
Little Falls, MN
Little Falls, NY
Little Ferry, NJ
Littlefield, TX
Little Rock, AR
Little Silver, NJ
Littleton, CO
Live Oak, CA
Live Oak, FL
Live Oak, TX
Livermore, CA
Livingston, CA
Livingston, MT
Livingston, TX
Livonia, MI
Lochbuie, CO
Lockhart, TX
Lock Haven, PA
Lockport, IL
Lockport, NY
Locust Grove, GA
Lodi, CA
Lodi, NJ
Logan, OH
Logansport, IN
Logan, UT
Loganville, GA
Loma Linda, CA
Lombard, IL
Lomita, CA
Lompoc, CA
London, KY
London, OH
Lone Grove, OK
Lone Tree, CO
Long Beach, CA
Long Beach, MS
Long Beach, NY
Longboat Key, FL
Long Branch, NJ
Long Grove, IL
Longmont, CO
Long View, NC
Longview, TX
Longview, WA
Longwood, FL
Lonoke, AR
Loomis, CA
Lorain, OH
Los Alamitos, CA
Los Altos, CA
Los Altos Hills, CA
Los Angeles, CA
Los Banos, CA
Los Fresnos, TX
Los Gatos, CA
Los Lunas, NM
Los Ranchos de Albuquerque, NM
Loudon, TN
Louisville, CO
Louisville, KY
Louisville, MS
Louisville, OH
Loveland, CO
Loveland, OH
Loves Park, IL
Lovington, NM
Lowell, AR
Lowell, IN
Lowell, MA
Lower Burrell, PA
Lubbock, TX
Lucas, TX
Ludington, MI
Ludlow, KY
Lufkin, TX
Luling, TX
Lumberton, NC
Lumberton, TX
Luray, VA
Luverne, MN
Lynbrook, NY
Lynchburg, TN
Lynchburg, VA
Lynden, WA
Lyndhurst, OH
Lyndon, KY
Lynn Haven, FL
Lynn, MA
Lynnwood, WA
Lynwood, CA
Lynwood, IL
Lyons, GA
Lyons, IL
Macclenny, FL
Macedonia, OH
Machesney Park, IL
Macomb, IL
Macon, GA
Macon, MO
Madeira Beach, FL
Madeira, OH
Madera, CA
Madison, AL
Madison Heights, MI
Madison, IL
Madison, IN
Madison, MS
Madison, NJ
Madison, SD
Madisonville, KY
Madisonville, TN
Madisonville, TX
Madison, WI
Madras, OR
Magee, MS
Magnolia, AR
Magnolia, NJ
Mahanoy City, PA
Mahomet, IL
Mahtomedi, MN
Maitland, FL
Malden, MA
Malden, MO
Malibu, CA
Malone, NY
Malvern, AR
Malverne, NY
Mamaroneck, NY
Mammoth Lakes, CA
Manasquan, NJ
Manassas Park, VA
Manassas, VA
Manchester, IA
Manchester, MO
Manchester, NH
Manchester, TN
Mandan, ND
Mandeville, LA
Manhattan Beach, CA
Manhattan, IL
Manhattan, KS
Manheim, PA
Manistee, MI
Manitou Springs, CO
Manitowoc, WI
Mankato, MN
Manlius, NY
Manorhaven, NY
Mansfield, LA
Mansfield, OH
Mansfield, TX
Manteca, CA
Manteno, IL
Manvel, TX
Manville, NJ
Maple Grove, MN
Maple Heights, OH
Mapleton, UT
Maple Valley, WA
Maplewood, MN
Maplewood, MO
Maquoketa, IA
Marana, AZ
Marathon, FL
Marble Falls, TX
Marco Island, FL
Marengo, IL
Margate City, NJ
Margate, FL
Marianna, AR
Marianna, FL
Maricopa, AZ
Marietta, GA
Marietta, OH
Marina, CA
Marine City, MI
Marinette, WI
Marion, AR
Marion, IA
Marion, IL
Marion, IN
Marion, NC
Marion, OH
Marion, SC
Marion, VA
Markham, IL
Marksville, LA
Marlborough, MA
Marlin, TX
Marlow, OK
Marquette, MI
Marseilles, IL
Marshall, MI
Marshall, MN
Marshall, MO
Marshalltown, IA
Marshall, TX
Marshfield, MO
Marshfield, WI
Martinez, CA
Martinsburg, WV
Martins Ferry, OH
Martinsville, IN
Martinsville, VA
Martin, TN
Maryland Heights, MO
Marysville, CA
Marysville, MI
Marysville, OH
Marysville, WA
Maryville, IL
Maryville, MO
Maryville, TN
Mascotte, FL
Mascoutah, IL
Mason City, IA
Mason, MI
Mason, OH
Massapequa Park, NY
Massena, NY
Massillon, OH
Matawan, NJ
Mathis, TX
Matteson, IL
Matthews, NC
Mattoon, IL
Mauldin, SC
Maumee, OH
Maumelle, AR
Mauston, WI
Mayfield Heights, OH
Mayfield, KY
Maysville, KY
Mayville, WI
Maywood, CA
Maywood, IL
Maywood, NJ
McAlester, OK
McAllen, TX
McComb, MS
McCook, NE
McDonough, GA
McFarland, CA
McFarland, WI
McGregor, TX
McHenry, IL
McKeesport, PA
McKees Rocks, PA
McKenzie, TN
McKinney, TX
McLoud, OK
McMinnville, OR
McMinnville, TN
McPherson, KS
McRae, GA
Meadows Place, TX
Meadville, PA
Mebane, NC
Mechanicsburg, PA
Mechanicville, NY
Medford, MA
Medford, OR
Media, PA
Medical Lake, WA
Medina, MN
Medina, NY
Medina, OH
Melbourne, FL
Melrose, MA
Melrose Park, IL
Melvindale, MI
Memphis, TN
Mena, AR
Menasha, WI
Mendham, NJ
Mendota, CA
Mendota Heights, MN
Mendota, IL
Menlo Park, CA
Menominee, MI
Menomonee Falls, WI
Menomonie, WI
Mentor, OH
Mentor-on-the-Lake, OH
Mequon, WI
Merced, CA
Mercedes, TX
Mercer Island, WA
Meriden, CT
Meridian, ID
Meridian, MS
Merriam, KS
Merrillville, IN
Merrill, WI
Mesa, AZ
Mesquite, NV
Mesquite, TX
Methuen, MA
Metropolis, IL
Metter, GA
Metuchen, NJ
Mexia, TX
Mexico, MO
Miami Beach, FL
Miami, FL
Miami Gardens, FL
Miami Lakes, FL
Miami, OK
Miamisburg, OH
Miami Shores, FL
Miami Springs, FL
Michigan City, IN
Middleburg Heights, OH
Middlesborough, KY
Middlesex, NJ
Middleton, ID
Middleton, WI
Middletown, CT
Middletown, DE
Middletown, KY
Middletown, NY
Middletown, OH
Middletown, PA
Midfield, AL
Midland, MI
Midland Park, NJ
Midland, TX
Midlothian, IL
Midlothian, TX
Midvale, UT
Midway, NC
Midwest City, OK
Milan, IL
Milan, MI
Milan, TN
Miles City, MT
Milford, CT
Milford, DE
Milford, MI
Milford, OH
Millbrae, CA
Millbrook, AL
Mill Creek, WA
Milledgeville, GA
Millersville, PA
Millersville, TN
Milliken, CO
Millington, TN
Mills River, NC
Milltown, NJ
Mill Valley, CA
Millville, NJ
Milpitas, CA
Milton, FL
Milton-Freewater, OR
Milton, GA
Milton, PA
Milton, WA
Milton, WI
Milwaukee, WI
Milwaukie, OR
Minden, LA
Mineola, NY
Mineola, TX
Mineral Wells, TX
Minneapolis, MN
Minneola, FL
Minnetonka, MN
Minnetrista, MN
Minooka, IL
Minot, ND
Mint Hill, NC
Miramar, FL
Mishawaka, IN
Mission, KS
Mission, TX
Mission Viejo, CA
Missoula, MT
Missouri City, TX
Mitchell, IN
Mitchell, SD
Moab, UT
Moberly, MO
Mobile, AL
Mocksville, NC
Modesto, CA
Mokena, IL
Molalla, OR
Moline, IL
Monaca, PA
Monahans, TX
Moncks Corner, SC
Monee, IL
Monessen, PA
Monett, MO
Monmouth, IL
Monmouth, OR
Monona, WI
Monongahela, PA
Monroe, GA
Monroe, LA
Monroe, MI
Monroe, NC
Monroe, NY
Monroe, OH
Monroeville, AL
Monroeville, PA
Monroe, WA
Monroe, WI
Monrovia, CA
Montclair, CA
Montebello, CA
Monterey, CA
Monterey Park, CA
Montevallo, AL
Montevideo, MN
Montgomery, AL
Montgomery, IL
Montgomery, NY
Montgomery, OH
Monticello, AR
Monticello, IL
Monticello, IN
Monticello, KY
Monticello, MN
Monticello, NY
Montoursville, PA
Montpelier, VT
Montrose, CO
Montvale, NJ
Moody, AL
Moore, OK
Mooresville, IN
Mooresville, NC
Moorhead, MN
Moorpark, CA
Moosic, PA
Moraga, CA
Moraine, OH
Morehead City, NC
Morehead, KY
Moreno Valley, CA
Morgan City, LA
Morgan Hill, CA
Morgan's Point Resort, TX
Morganton, NC
Morgantown, WV
Morrilton, AR
Morris, IL
Morris, MN
Morrison, IL
Morris Plains, NJ
Morristown, NJ
Morristown, TN
Morrisville, NC
Morrisville, PA
Morro Bay, CA
Morrow, GA
Morton Grove, IL
Morton, IL
Moscow, ID
Moses Lake, WA
Moss Point, MS
Moultrie, GA
Mound, MN
Mounds View, MN
Moundsville, WV
Mountain Brook, AL
Mountain Grove, MO
Mountain Home, AR
Mountain Home, ID
Mountainside, NJ
Mountain View, CA
Mount Airy, MD
Mount Airy, NC
Mount Arlington, NJ
Mount Carmel, IL
Mount Carmel, PA
Mount Carmel, TN
Mount Clemens, MI
Mount Dora, FL
Mount Ephraim, NJ
Mount Healthy, OH
Mount Holly, NC
Mount Horeb, WI
Mount Joy, PA
Mount Juliet, TN
Mount Kisco, NY
Mountlake Terrace, WA
Mount Olive, NC
Mount Pleasant, IA
Mount Pleasant, MI
Mount Pleasant, PA
Mount Pleasant, SC
Mount Pleasant, TN
Mount Pleasant, TX
Mount Pleasant, WI
Mount Prospect, IL
Mount Rainier, MD
Mount Sterling, KY
Mount Vernon, IL
Mount Vernon, IN
Mount Vernon, MO
Mount Vernon, NY
Mount Vernon, OH
Mount Vernon, WA
Mount Washington, KY
Mount Zion, IL
Mukilteo, WA
Mukwonago, WI
Mullins, SC
Mulvane, KS
Muncie, IN
Mundelein, IL
Munford, TN
Munhall, PA
Munroe Falls, OH
Munster, IN
Murfreesboro, TN
Murphysboro, IL
Murphy, TX
Murray, KY
Murray, UT
Murrieta, CA
Murrysville, PA
Muscatine, IA
Muscle Shoals, AL
Muskegon Heights, MI
Muskegon, MI
Muskego, WI
Muskogee, OK
Mustang, OK
Myrtle Beach, SC
Nacogdoches, TX
Nampa, ID
Nanticoke, PA
Napa, CA
Naperville, IL
Naples, FL
Napoleon, OH
Nappanee, IN
Nashua, NH
Nashville, AR
Nashville, GA
Nashville, NC
Nashville, TN
Natchez, MS
Natchitoches, LA
National City, CA
Naugatuck, CT
Navasota, TX
Nazareth, PA
Nebraska City, NE
Nederland, TX
Needles, CA
Neenah, WI
Negaunee, MI
Nelsonville, OH
Neosho, MO
Nephi, UT
Neptune Beach, FL
Neptune City, NJ
Nevada, IA
Nevada, MO
New Albany, IN
New Albany, MS
New Albany, OH
Newark, CA
Newark, DE
Newark, NJ
Newark, NY
Newark, OH
New Baltimore, MI
New Bedford, MA
Newberg, OR
New Berlin, WI
New Bern, NC
Newberry, SC
New Boston, TX
New Braunfels, TX
New Brighton, MN
New Brighton, PA
New Britain, CT
New Brunswick, NJ
Newburgh, NY
Newburyport, MA
New Carlisle, OH
New Carrollton, MD
New Castle, DE
New Castle, IN
Newcastle, OK
New Castle, PA
Newcastle, WA
New Cumberland, PA
New Franklin, OH
New Haven, CT
New Haven, IN
New Haven, MI
New Hempstead, NY
New Holland, PA
New Hope, MN
New Hyde Park, NY
New Iberia, LA
New Kensington, PA
New Lenox, IL
New Lexington, OH
New London, CT
New London, WI
Newman, CA
New Martinsville, WV
New Milford, NJ
Newnan, GA
New Orleans, LA
New Paltz, NY
New Philadelphia, OH
Newport, AR
Newport Beach, CA
Newport, KY
Newport, NC
Newport News, VA
Newport, OR
Newport, RI
New Port Richey, FL
Newport, TN
Newport, VT
New Prague, MN
New Providence, NJ
New Richmond, WI
New Roads, LA
New Rochelle, NY
New Smyrna Beach, FL
New Square, NY
Newton Falls, OH
Newton, IA
Newton, KS
Newton, MA
Newton, NC
Newton, NJ
New Ulm, MN
New Whiteland, IN
New York, NY
Niagara Falls, NY
Nibley, UT
Niceville, FL
Nicholasville, KY
Niles, IL
Niles, MI
Niles, OH
Nitro, WV
Nixa, MO
Noble, OK
Noblesville, IN
Nogales, AZ
Norco, CA
Norcross, GA
Norfolk, NE
Norfolk, VA
Normal, IL
Normandy, MO
Normandy Park, WA
Norman, OK
Norridge, IL
Norristown, PA
North Adams, MA
Northampton, MA
Northampton, PA
North Arlington, NJ
North Augusta, SC
North Aurora, IL
North Bay Village, FL
North Bend, OR
North Bend, WA
North Braddock, PA
North Branch, MN
Northbrook, IL
North Caldwell, NJ
North Canton, OH
North Charleston, SC
North Chicago, IL
North College Hill, OH
Northfield, IL
Northfield, MN
Northfield, NJ
North Fond du Lac, WI
Northglenn, CO
North Haledon, NJ
North Hills, NY
North Kansas City, MO
Northlake, IL
North Las Vegas, NV
North Lauderdale, FL
North Liberty, IA
North Little Rock, AR
North Logan, UT
North Manchester, IN
North Mankato, MN
North Miami Beach, FL
North Miami, FL
North Myrtle Beach, SC
North Oaks, MN
North Ogden, UT
North Olmsted, OH
North Palm Beach, FL
North Plainfield, NJ
North Platte, NE
Northport, AL
North Port, FL
Northport, NY
North Richland Hills, TX
North Ridgeville, OH
North Riverside, IL
North Royalton, OH
North Salt Lake, UT
North St. Paul, MN
North Syracuse, NY
North Tonawanda, NY
Northvale, NJ
North Vernon, IN
Northville, MI
North Wildwood, NJ
Northwood, OH
Northwoods, MO
Norton, OH
Norton Shores, MI
Norwalk, CA
Norwalk, CT
Norwalk, IA
Norwalk, OH
Norwich, CT
Norwich, NY
Norwood, NJ
Norwood, OH
Norwood, PA
Novato, CA
Novi, MI
Nyack, NY
Oak Brook, IL
Oak Creek, WI
Oakdale, CA
Oakdale, LA
Oakdale, MN
Oak Forest, IL
Oak Grove, KY
Oak Grove, MN
Oak Grove, MO
Oak Harbor, WA
Oak Hill, TN
Oak Hill, WV
Oak Island, NC
Oakland, CA
Oakland, NJ
Oakland Park, FL
Oakland, TN
Oak Lawn, IL
Oakley, CA
Oakmont, PA
Oak Park Heights, MN
Oak Park, IL
Oak Park, MI
Oak Ridge, NC
Oak Ridge, TN
Oakwood, GA
Oakwood, OH
Oberlin, OH
Ocala, FL
Ocean City, MD
Ocean City, NJ
Oceanport, NJ
Ocean Shores, WA
Oceanside, CA
Ocean Springs, MS
Ocoee, FL
Oconomowoc, WI
Oconto, WI
Odessa, MO
Odessa, TX
Oelwein, IA
O'Fallon, IL
O'Fallon, MO
Ogallala, NE
Ogdensburg, NY
Ogden, UT
Oil City, PA
Ojai, CA
Okeechobee, FL
Oklahoma City, OK
Okmulgee, OK
Olathe, KS
Old Forge, PA
Oldsmar, FL
Old Tappan, NJ
Old Town, ME
Old Westbury, NY
Olean, NY
Olive Branch, MS
Olivette, MO
Olmsted Falls, OH
Olney, IL
Olympia Fields, IL
Olympia, WA
Olyphant, PA
Omaha, NE
Omak, WA
Onalaska, WI
Oneida, NY
Oneonta, AL
Oneonta, NY
Ontario, CA
Ontario, OH
Ontario, OR
Opa-locka, FL
Opelika, AL
Opelousas, LA
Opp, AL
Oradell, NJ
Orange Beach, AL
Orangeburg, SC
Orange, CA
Orange City, FL
Orange City, IA
Orange Cove, CA
Orange Park, FL
Orange, TX
Orange, VA
Oregon City, OR
Oregon, OH
Oregon, WI
Orem, UT
Orinda, CA
Orland, CA
Orland Hills, IL
Orlando, FL
Orland Park, IL
Ormond Beach, FL
Orono, MN
Oro Valley, AZ
Oroville, CA
Orrville, OH
Orting, WA
Osage Beach, MO
Osawatomie, KS
Osceola, AR
Osceola, IA
Oshkosh, WI
Oskaloosa, IA
Ossining, NY
Oswego, IL
Oswego, NY
Othello, WA
Otsego, MN
Ottawa Hills, OH
Ottawa, IL
Ottawa, KS
Ottawa, OH
Ottumwa, IA
Overland, MO
Overland Park, KS
Oviedo, FL
Owasso, OK
Owatonna, MN
Owensboro, KY
Owosso, MI
Oxford, AL
Oxford, MS
Oxford, NC
Oxford, OH
Oxford, PA
Oxnard, CA
Ozark, AL
Ozark, MO
Pacifica, CA
Pacific Grove, CA
Pacific, MO
Pacific, WA
Paducah, KY
Page, AZ
Pahokee, FL
Painesville, OH
Palacios, TX
Palatine, IL
Palatka, FL
Palestine, TX
Palisades Park, NJ
Palm Bay, FL
Palm Beach, FL
Palm Beach Gardens, FL
Palm Coast, FL
Palmdale, CA
Palm Desert, CA
Palmer, AK
Palmerton, PA
Palmetto Bay, FL
Palmetto, FL
Palmetto, GA
Palmhurst, TX
Palm Springs, CA
Palm Springs, FL
Palmview, TX
Palmyra, NJ
Palmyra, PA
Palo Alto, CA
Palos Heights, IL
Palos Hills, IL
Palos Park, IL
Palos Verdes Estates, CA
Pampa, TX
Pana, IL
Panama City Beach, FL
Panama City, FL
Paola, KS
Papillion, NE
Paradise, CA
Paradise Valley, AZ
Paragould, AR
Paramount, CA
Paramus, NJ
Paris, IL
Paris, KY
Paris, TN
Paris, TX
Park City, IL
Park City, KS
Park City, UT
Parker, CO
Parker, FL
Parkersburg, WV
Park Forest, IL
Park Hills, MO
Parkland, FL
Park Ridge, IL
Park Ridge, NJ
Parkville, MO
Parlier, CA
Parma Heights, OH
Parma, OH
Parsons, KS
Pasadena, CA
Pasadena, TX
Pascagoula, MS
Pasco, WA
Paso Robles, CA
Passaic, NJ
Pataskala, OH
Patchogue, NY
Paterson, NJ
Patterson, CA
Patterson, LA
Paulsboro, NJ
Pauls Valley, OK
Pawtucket, RI
Paxton, IL
Payette, ID
Payson, AZ
Payson, UT
Peabody, MA
Peachtree City, GA
Pea Ridge, AR
Pearland, TX
Pearl, MS
Pearsall, TX
Pecos, TX
Peculiar, MO
Peekskill, NY
Pekin, IL
Pelham, AL
Pelham Manor, NY
Pelham, NY
Pella, IA
Pell City, AL
Pembroke Park, FL
Pembroke Pines, FL
Pendleton, OR
Penns Grove, NJ
Penn Yan, NY
Pensacola, FL
Peoria, AZ
Peoria Heights, IL
Peoria, IL
Pepper Pike, OH
Perkasie, PA
Perris, CA
Perry, FL
Perry, GA
Perry, IA
Perry, OK
Perrysburg, OH
Perryton, TX
Perryville, MO
Perth Amboy, NJ
Peru, IL
Peru, IN
Petal, MS
Petaluma, CA
Petersburg, VA
Petoskey, MI
Pevely, MO
Pewaukee, WI
Pewaukee, WI
Pflugerville, TX
Pharr, TX
Phenix City, AL
Philadelphia, MS
Philadelphia, PA
Phillipsburg, NJ
Philomath, OR
Phoenix, AZ
Phoenix, OR
Phoenixville, PA
Picayune, MS
Pickerington, OH
Pico Rivera, CA
Piedmont, AL
Piedmont, CA
Piedmont, OK
Pierre, SD
Pigeon Forge, TN
Pikeville, KY
Pilot Point, TX
Pinckneyville, IL
Pine Bluff, AR
Pinecrest, FL
Pine Hill, NJ
Pinehurst, NC
Pinellas Park, FL
Pinetop-Lakeside, AZ
Pineville, LA
Pineville, NC
Pinole, CA
Pinson, AL
Piqua, OH
Pismo Beach, CA
Pitman, NJ
Pittsburg, CA
Pittsburgh, PA
Pittsburg, KS
Pittsburg, TX
Pittsfield, IL
Pittsfield, MA
Pittston, PA
Placentia, CA
Placerville, CA
Plain City, UT
Plainfield, IL
Plainfield, IN
Plainfield, NJ
Plainview, TX
Plano, IL
Plano, TX
Plantation, FL
Plant City, FL
Plaquemine, LA
Platte City, MO
Platteville, WI
Plattsburgh, NY
Plattsmouth, NE
Pleasant Garden, NC
Pleasant Grove, AL
Pleasant Grove, UT
Pleasant Hill, CA
Pleasant Hill, IA
Pleasant Hill, MO
Pleasant Hills, PA
Pleasanton, CA
Pleasanton, TX
Pleasant Prairie, WI
Pleasant View, UT
Pleasantville, NJ
Pleasantville, NY
Plover, WI
Plum, PA
Plymouth, IN
Plymouth, MI
Plymouth, MN
Plymouth, PA
Plymouth, WI
Pocahontas, AR
Pocatello, ID
Pocola, OK
Point Pleasant Beach, NJ
Point Pleasant, NJ
Point Pleasant, WV
Polson, MT
Pomona, CA
Pompano Beach, FL
Pompton Lakes, NJ
Ponca City, OK
Ponchatoula, LA
Pontiac, IL
Pontiac, MI
Pontoon Beach, IL
Pontotoc, MS
Pooler, GA
Poolesville, MD
Poplar Bluff, MO
Poquoson, VA
Portage, IN
Portage, MI
Portage, WI
Portales, NM
Port Allen, LA
Port Angeles, WA
Port Arthur, TX
Port Chester, NY
Port Clinton, OH
Porter, IN
Porterville, CA
Port Hueneme, CA
Port Huron, MI
Port Isabel, TX
Port Jefferson, NY
Port Jervis, NY
Portland, IN
Portland, ME
Portland, OR
Portland, TN
Portland, TX
Port Lavaca, TX
Port Neches, TX
Portola Valley, CA
Port Orange, FL
Port Orchard, WA
Port Royal, SC
Portsmouth, NH
Portsmouth, OH
Portsmouth, VA
Port St. Lucie, FL
Port Townsend, WA
Port Washington, WI
Port Wentworth, GA
Posen, IL
Post Falls, ID
Poteau, OK
Potsdam, NY
Pottstown, PA
Pottsville, PA
Poughkeepsie, NY
Poulsbo, WA
Poway, CA
Powder Springs, GA
Powell, OH
Powell, WY
Prairie du Chien, WI
Prairie View, TX
Prairie Village, KS
Pratt, KS
Prattville, AL
Prescott, AR
Prescott, AZ
Prescott Valley, AZ
Presidio, TX
Presque Isle, ME
Preston, ID
Price, UT
Prichard, AL
Princeton, IL
Princeton, IN
Princeton, KY
Princeton, MN
Princeton, NJ
Princeton, TX
Princeton, WV
Prineville, OR
Prior Lake, MN
Progreso, TX
Prospect Heights, IL
Prospect, KY
Prospect Park, NJ
Prospect Park, PA
Prosper, TX
Prosser, WA
Providence, RI
Providence, UT
Provo, UT
Pryor Creek, OK
Pueblo, CO
Pulaski, TN
Pulaski, VA
Pullman, WA
Punta Gorda, FL
Punxsutawney, PA
Purcell, OK
Purcellville, VA
Puyallup, WA
Quakertown, PA
Queen Creek, AZ
Quincy, FL
Quincy, IL
Quincy, MA
Quincy, WA
Quitman, GA
Racine, WI
Radcliff, KY
Radford, VA
Rahway, NJ
Rainbow City, AL
Rainsville, AL
Raleigh, NC
Ralston, NE
Ramsey, MN
Ramsey, NJ
Rancho Cordova, CA
Rancho Cucamonga, CA
Rancho Mirage, CA
Rancho Palos Verdes, CA
Rancho Santa Margarita, CA
Ranson corporation, WV
Rantoul, IL
Rapid City, SD
Raritan, NJ
Rathdrum, ID
Raton, NM
Ravenna, OH
Rawlins, WY
Raymondville, TX
Raymore, MO
Rayne, LA
Raytown, MO
Reading, OH
Reading, PA
Red Bank, NJ
Red Bank, TN
Red Bluff, CA
Redding, CA
Redlands, CA
Red Lion, PA
Redmond, OR
Redmond, WA
Red Oak, IA
Red Oak, TX
Redondo Beach, CA
Red Wing, MN
Redwood City, CA
Redwood Falls, MN
Reedley, CA
Reedsburg, WI
Reidsville, NC
Reno, NV
Rensselaer, IN
Rensselaer, NY
Renton, WA
Republic, MO
Revere, MA
Rexburg, ID
Reynoldsburg, OH
Rhinelander, WI
Rialto, CA
Rice Lake, WI
Richardson, TX
Richfield, MN
Richfield, UT
Richland Center, WI
Richland Hills, TX
Richland, MS
Richland, WA
Richmond, CA
Richmond Heights, MO
Richmond Heights, OH
Richmond Hill, GA
Richmond, IN
Richmond, KY
Richmond, MI
Richmond, MO
Richmond, TX
Richmond, VA
Richton Park, IL
Ridgecrest, CA
Ridgefield, NJ
Ridgefield Park, NJ
Ridgefield, WA
Ridgeland, MS
Ridgewood, NJ
Ridley Park, PA
Rifle, CO
Rincon, GA
Ringwood, NJ
Rio Bravo, TX
Rio Grande City, TX
Rio Rancho, NM
Rio Vista, CA
Ripley, MS
Ripley, TN
Ripon, CA
Ripon, WI
Rittman, OH
Riverbank, CA
Riverdale, GA
Riverdale, IL
Riverdale Park, MD
Riverdale, UT
River Edge, NJ
River Falls, WI
River Forest, IL
River Grove, IL
River Oaks, TX
River Rouge, MI
Riverside, CA
Riverside, IL
Riverside, OH
Riverton, UT
Riverton, WY
Riverview, MI
Riviera Beach, FL
Roanoke, AL
Roanoke Rapids, NC
Roanoke, VA
Robbinsdale, MN
Robbins, IL
Robertsdale, AL
Robinson, IL
Robinson, TX
Robstown, TX
Rochelle, IL
Rochester Hills, MI
Rochester, IN
Rochester, MI
Rochester, MN
Rochester, NH
Rochester, NY
Rockaway, NJ
Rockdale, TX
Rock Falls, IL
Rockford, IL
Rockford, MI
Rock Hill, MO
Rock Hill, SC
Rockingham, NC
Rock Island, IL
Rockland, ME
Rockledge, FL
Rocklin, CA
Rockmart, GA
Rockport, TX
Rock Springs, WY
Rockton, IL
Rockville Centre, NY
Rockville, MD
Rockwall, TX
Rockwood, TN
Rocky Mount, NC
Rocky Mount, VA
Rocky River, OH
Roeland Park, KS
Rogers, AR
Rogers, MN
Rogersville, TN
Rohnert Park, CA
Rolla, MO
Rolling Hills Estates, CA
Rolling Meadows, IL
Roma, TX
Rome, GA
Rome, NY
Romeoville, IL
Romulus, MI
Roosevelt, UT
Roscoe, IL
Roseburg, OR
Roseland, NJ
Roselle, IL
Roselle, NJ
Roselle Park, NJ
Rosemead, CA
Rosemount, MN
Rosenberg, TX
Roseville, CA
Roseville, MI
Roseville, MN
Rossford, OH
Roswell, GA
Roswell, NM
Rothschild, WI
Round Lake Beach, IL
Round Lake, IL
Round Lake Park, IL
Round Rock, TX
Rowlett, TX
Roxboro, NC
Royal Oak, MI
Royal Palm Beach, FL
Royersford, PA
Royse City, TX
Roy, UT
Ruidoso, NM
Rumson, NJ
Runnemede, NJ
Rupert, ID
Rushville, IN
Rusk, TX
Russellville, AL
Russellville, AR
Russellville, KY
Ruston, LA
Rutherford, NJ
Rutland, VT
Rye Brook, NY
Rye, NY
Sachse, TX
Saco, ME
Sacramento, CA
Safety Harbor, FL
Safford, AZ
Saginaw, MI
Saginaw, TX
Sahuarita, AZ
Salamanca, NY
Salem, IL
Salem, IN
Salem, MA
Salem, MO
Salem, NJ
Salem, OH
Salem, OR
Salem, UT
Salem, VA
Salida, CO
Salina, KS
Salinas, CA
Saline, MI
Salisbury, MD
Salisbury, NC
Sallisaw, OK
Salt Lake City, UT
Sammamish, WA
San Angelo, TX
San Anselmo, CA
San Antonio, TX
San Benito, TX
San Bernardino, CA
San Bruno, CA
San Carlos, CA
San Clemente, CA
Sandersville, GA
San Diego, CA
San Diego, TX
San Dimas, CA
Sandpoint, ID
Sand Springs, OK
Sandusky, OH
Sandwich, IL
Sandy, OR
Sandy Springs, GA
Sandy, UT
San Fernando, CA
Sanford, FL
Sanford, NC
San Francisco, CA
San Gabriel, CA
Sanger, CA
Sanger, TX
Sanibel, FL
San Jacinto, CA
San Jose, CA
San Juan Capistrano, CA
San Juan, TX
San Leandro, CA
San Luis, AZ
San Luis Obispo, CA
San Marcos, CA
San Marcos, TX
San Marino, CA
San Mateo, CA
San Pablo, CA
San Rafael, CA
San Ramon, CA
Santa Ana, CA
Santa Barbara, CA
Santa Clara, CA
Santa Clara, UT
Santa Clarita, CA
Santa Cruz, CA
Santa Fe, NM
Santa Fe Springs, CA
Santa Fe, TX
Santa Maria, CA
Santa Monica, CA
Santa Paula, CA
Santaquin, UT
Santa Rosa, CA
Santee, CA
Sapulpa, OK
Saraland, AL
Saranac Lake, NY
Sarasota, FL
Saratoga, CA
Saratoga Springs, NY
Saratoga Springs, UT
Sartell, MN
Satellite Beach, FL
Satsuma, AL
Sauk Rapids, MN
Sauk Village, IL
Sault Ste. Marie, MI
Sausalito, CA
Savage, MN
Savannah, GA
Savannah, MO
Savannah, TN
Savoy, IL
Sawmills, NC
Sayre, OK
Sayre, PA
Sayreville, NJ
Scappoose, OR
Scarsdale, NY
Schaumburg, IL
Schenectady, NY
Schererville, IN
Schertz, TX
Schiller Park, IL
Schuyler, NE
Schuylkill Haven, PA
Scotia, NY
Scott City, MO
Scottdale, PA
Scott, LA
Scottsbluff, NE
Scottsboro, AL
Scottsburg, IN
Scottsdale, AZ
Scotts Valley, CA
Scottsville, KY
Scranton, PA
Seabrook, TX
Sea Cliff, NY
Seaford, DE
Seagoville, TX
Seal Beach, CA
Sealy, TX
Searcy, AR
Seaside, CA
Seaside, OR
SeaTac, WA
Seat Pleasant, MD
Seattle, WA
Sebastian, FL
Sebastopol, CA
Sebring, FL
Sebring, OH
Secaucus, NJ
Sedalia, MO
Sedona, AZ
Sedro-Woolley, WA
Seguin, TX
Selah, WA
Selinsgrove, PA
Sellersburg, IN
Sellersville, PA
Selma, AL
Selma, CA
Selma, NC
Selma, TX
Selmer, TN
Seminole, FL
Seminole, OK
Seminole, TX
Senatobia, MS
Seneca Falls, NY
Seneca, SC
Sequim, WA
Seven Hills, OH
Sevierville, TN
Seward, NE
Seymour, IN
Shafter, CA
Shaker Heights, OH
Shakopee, MN
Shamokin, PA
Sharon Hill, PA
Sharon, PA
Sharonville, OH
Shasta Lake, CA
Shawano, WI
Shawnee, KS
Shawnee, OK
Sheboygan Falls, WI
Sheboygan, WI
Sheffield, AL
Sheffield Lake, OH
Shelby, NC
Shelby, OH
Shelbyville, IL
Shelbyville, IN
Shelbyville, KY
Shelbyville, TN
Sheldon, IA
Shelton, CT
Shelton, WA
Shenandoah, IA
Shenandoah, PA
Shepherdsville, KY
Sheridan, AR
Sheridan, CO
Sheridan, OR
Sheridan, WY
Sherman, TX
Sherwood, AR
Sherwood, OR
Shillington, PA
Shiloh, IL
Shippensburg, PA
Shively, KY
Shoreline, WA
Shoreview, MN
Shorewood, IL
Shorewood, MN
Shorewood, WI
Show Low, AZ
Shreveport, LA
Shrewsbury, MO
Sidney, MT
Sidney, NE
Sidney, OH
Sierra Madre, CA
Sierra Vista, AZ
Signal Hill, CA
Signal Mountain, TN
Sikeston, MO
Siler City, NC
Siloam Springs, AR
Silsbee, TX
Silver City, NM
Silverton, OH
Silverton, OR
Silvis, IL
Simi Valley, CA
Simpsonville, SC
Sinton, TX
Sioux Center, IA
Sioux City, IA
Sioux Falls, SD
Sitka  and, AK
Skiatook, OK
Skokie, IL
Slatington, PA
Slaton, TX
Sleepy Hollow, NY
Slidell, LA
Slinger, WI
Smithfield, NC
Smithfield, UT
Smithfield, VA
Smiths Station, AL
Smithville, MO
Smithville, TN
Smithville, TX
Smyrna, DE
Smyrna, GA
Smyrna, TN
Snellville, GA
Snohomish, WA
Snoqualmie, WA
Snowflake, AZ
Snyder, TX
Social Circle, GA
Socorro, NM
Socorro, TX
Soddy-Daisy, TN
Solana Beach, CA
Soldotna, AK
Soledad, CA
Solon, OH
Solvang, CA
Solvay, NY
Somerdale, NJ
Somerset, KY
Somerset, PA
Somers Point, NJ
Somersworth, NH
Somerton, AZ
Somerville, MA
Somerville, NJ
Sonoma, CA
Sonora, CA
Souderton, PA
South Amboy, NJ
Southampton, NY
Southaven, MS
South Barrington, IL
South Bay, FL
South Beloit, IL
South Bend, IN
South Boston, VA
South Bound Brook, NJ
South Burlington, VT
South Charleston, WV
South Daytona, FL
South Elgin, IL
South El Monte, CA
Southern Pines, NC
South Euclid, OH
Southfield, MI
South Gate, CA
Southgate, MI
South Haven, MI
South Hill, VA
South Holland, IL
South Houston, TX
South Jordan, UT
South Lake Tahoe, CA
Southlake, TX
South Lyon, MI
South Miami, FL
South Milwaukee, WI
South Ogden, UT
South Pasadena, CA
South Pasadena, FL
South Plainfield, NJ
South Portland, ME
South River, NJ
South Salt Lake, UT
South San Francisco, CA
Southside, AL
South Sioux City, NE
South St. Paul, MN
South Tucson, AZ
South Weber, UT
Southwest Ranches, FL
South Williamsport, PA
Spanish Fork, UT
Spanish Fort, AL
Sparks, NV
Sparta, IL
Spartanburg, SC
Sparta, TN
Sparta, WI
Spearfish, SD
Speedway, IN
Spencer, IA
Spirit Lake, IA
Spokane Valley, WA
Spokane, WA
Spotswood, NJ
Springboro, OH
Springdale, AR
Springdale, OH
Springfield, FL
Springfield, IL
Springfield, MA
Springfield, MI
Springfield, MO
Springfield, OH
Springfield, OR
Springfield, TN
Spring Grove, IL
Spring Hill, KS
Springhill, LA
Spring Hill, TN
Spring Lake Heights, NJ
Spring Lake, NC
Spring Lake Park, MN
Spring Valley, IL
Spring Valley, NY
Springville, UT
Stafford, TX
St. Albans, VT
St. Albans, WV
Stallings, NC
Stamford, CT
St. Ann, MO
St. Anthony, MN
Stanton, CA
Stanwood, WA
Star, ID
Starke, FL
Starkville, MS
State College, PA
Statesboro, GA
Statesville, NC
St. Augustine Beach, FL
St. Augustine, FL
Staunton, IL
Staunton, VA
Stayton, OR
St. Bernard, OH
St. Charles, IL
St. Charles, MO
St. Clair, MI
St. Clair, MO
St. Clair Shores, MI
St. Clairsville, OH
St. Cloud, FL
St. Cloud, MN
Steamboat Springs, CO
Steelton, PA
Ste. Genevieve, MO
Steger, IL
Steilacoom, WA
Stephenville, TX
Sterling, CO
Sterling Heights, MI
Sterling, IL
Steubenville, OH
Stevens Point, WI
Stewartville, MN
St. Francis, MN
St. Francis, WI
St. Gabriel, LA
St. George, UT
St. Helena, CA
St. Helens, OR
Stickney, IL
Stillwater, MN
Stillwater, OK
St. John, IN
St. John, MO
St. Johns, MI
St. Joseph, MI
St. Joseph, MN
St. Joseph, MO
St. Louis, MI
St. Louis, MO
St. Louis Park, MN
St. Martinville, LA
St. Marys, GA
St. Marys, OH
St. Marys, PA
St. Matthews, KY
St. Michael, MN
Stockbridge, GA
Stockton, CA
Stone Mountain, GA
Stone Park, IL
Storm Lake, IA
Stoughton, WI
Stow, OH
St. Paul, MN
St. Paul Park, MN
St. Pete Beach, FL
St. Peter, MN
St. Petersburg, FL
St. Peters, MO
Strasburg, VA
Stratford, NJ
Streamwood, IL
Streator, IL
Streetsboro, OH
Strongsville, OH
Stroudsburg, PA
Struthers, OH
Stuart, FL
Sturgeon Bay, WI
Sturgis, MI
Sturgis, SD
Sturtevant, WI
Stuttgart, AR
Suamico, WI
Suffern, NY
Suffolk, VA
Sugarcreek, PA
Sugar Grove, IL
Sugar Hill, GA
Sugar Land, TX
Suisun City, CA
Sullivan City, TX
Sullivan, IL
Sullivan, IN
Sullivan, MO
Sulphur, LA
Sulphur, OK
Sulphur Springs, TX
Summerfield, NC
Summerville, GA
Summerville, SC
Summit, IL
Summit, NJ
Sumner, WA
Sumter, SC
Sunbury, PA
Sunland Park, NM
Sunny Isles Beach, FL
Sunnyside, WA
Sunnyvale, CA
Sunnyvale, TX
Sun Prairie, WI
Sunrise, FL
Sunset Hills, MO
Sunset, UT
Superior, CO
Superior, WI
Surfside Beach, SC
Surfside, FL
Surprise, AZ
Susanville, CA
Sussex, WI
Sutherlin, OR
Suwanee, GA
Swainsboro, GA
Swansea, IL
Swarthmore, PA
Swartz Creek, MI
Sweet Home, OR
Sweetwater, FL
Sweetwater, TN
Sweetwater, TX
Swissvale, PA
Swoyersville, PA
Sycamore, IL
Sykesville, MD
Sylacauga, AL
Sylvania, OH
Sylvester, GA
Syracuse, NY
Syracuse, UT
Tacoma, WA
Taft, CA
Tahlequah, OK
Takoma Park, MD
Talent, OR
Talladega, AL
Tallahassee, FL
Tallassee, AL
Tallmadge, OH
Tallulah, LA
Tamaqua, PA
Tamarac, FL
Tampa, FL
Taneytown, MD
Taos, NM
Tarboro, NC
Tarentum, PA
Tarpon Springs, FL
Tarrant, AL
Tarrytown, NY
Taunton, MA
Tavares, FL
Taylor, MI
Taylor Mill, KY
Taylor, PA
Taylorsville, UT
Taylor, TX
Taylorville, IL
Teague, TX
Tecumseh, MI
Tecumseh, OK
Tega Cay, SC
Tehachapi, CA
Telford, PA
Tell City, IN
Temecula, CA
Tempe, AZ
Temple City, CA
Temple, GA
Temple Terrace, FL
Temple, TX
Tenafly, NJ
Tequesta, FL
Terre Haute, IN
Terrell Hills, TX
Terrell, TX
Texarkana, AR
Texarkana, TX
Texas City, TX
Thatcher, AZ
The Colony, TX
The Dalles, OR
The Village of Indian Hill, OH
The Village, OK
Thibodaux, LA
Thief River Falls, MN
Thomaston, GA
Thomasville, AL
Thomasville, GA
Thomasville, NC
Thomson, GA
Thornton, CO
Thousand Oaks, CA
Three Rivers, MI
Thurmont, MD
Tiburon, CA
Tiffin, OH
Tifton, GA
Tigard, OR
Tillamook, OR
Tinley Park, IL
Tinton Falls, NJ
Tipp City, OH
Tipton, IN
Titusville, FL
Titusville, PA
Toccoa, GA
Toledo, OH
Tolleson, AZ
Tomah, WI
Tomball, TX
Tonawanda, NY
Tonganoxie, KS
Tooele, UT
Topeka, KS
Toppenish, WA
Toronto, OH
Torrance, CA
Torrington, CT
Torrington, WY
Totowa, NJ
Town and Country, MO
Tracy, CA
Travelers Rest, SC
Traverse City, MI
Treasure Island, FL
Tremonton, UT
Trenton, MI
Trenton, MO
Trenton, NJ
Trenton, OH
Trenton, TN
Trinidad, CO
Trinity, NC
Trophy Club, TX
Trotwood, OH
Troutdale, OR
Troy, AL
Troy, IL
Troy, MI
Troy, MO
Troy, NY
Troy, OH
Truckee, CA
Trumann, AR
Trussville, AL
Truth or Consequences, NM
Tualatin, OR
Tuckahoe, NY
Tucson, AZ
Tucumcari, NM
Tukwila, WA
Tulare, CA
Tulia, TX
Tullahoma, TN
Tulsa, OK
Tumwater, WA
Tupelo, MS
Turlock, CA
Turtle Creek, PA
Tuscaloosa, AL
Tuscola, IL
Tuscumbia, AL
Tuskegee, AL
Tustin, CA
Tuttle, OK
Twentynine Palms, CA
Twin Falls, ID
Twin Lakes, WI
Twinsburg, OH
Two Rivers, WI
Tyler, TX
Tyrone, GA
Tyrone, PA
Uhrichsville, OH
Ukiah, CA
Ulysses, KS
Umatilla, OR
Union Beach, NJ
Union City, CA
Union City, GA
Union City, NJ
Union City, TN
Union Gap, WA
Union Grove, WI
Union, MO
Union, OH
Union, SC
Union Springs, AL
Uniontown, PA
Unionville, NC
Universal City, TX
University City, MO
University Heights, OH
University Park, IL
University Park, TX
University Place, WA
Upland, CA
Upper Arlington, OH
Upper Saddle River, NJ
Upper Sandusky, OH
Urbana, IL
Urbana, OH
Urbandale, IA
Utica, MI
Utica, NY
Uvalde, TX
Vacaville, CA
Vadnais Heights, MN
Vail, CO
Valdese, NC
Valdosta, GA
Vallejo, CA
Valley, AL
Valley Center, KS
Valley City, ND
Valley Park, MO
Valley Stream, NY
Valparaiso, FL
Valparaiso, IN
Van Buren, AR
Vancouver, WA
Vandalia, IL
Vandalia, MO
Vandalia, OH
Vandergrift, PA
Van Wert, OH
Venice, FL
Ventnor City, NJ
Ventura, CA
Vermilion, OH
Vermillion, SD
Vernal, UT
Vernon Hills, IL
Vernon, TX
Vero Beach, FL
Verona, WI
Versailles, KY
Vestavia Hills, AL
Vicksburg, MS
Victoria, MN
Victoria, TX
Victorville, CA
Vidalia, GA
Vidor, TX
Vienna, VA
Vienna, WV
Villa Hills, KY
Villa Park, CA
Villa Park, IL
Villa Rica, GA
Ville Platte, LA
Vincennes, IN
Vine Grove, KY
Vineland, NJ
Vinita, OK
Vinton, IA
Vinton, VA
Virginia Beach, VA
Virginia, MN
Viroqua, WI
Visalia, CA
Vista, CA
Wabash, IN
Waconia, MN
Waco, TX
Wadesboro, NC
Wadsworth, OH
Wagoner, OK
Wahpeton, ND
Waite Park, MN
Wake Forest, NC
Wake Village, TX
Walden, NY
Waldwick, NJ
Walker, LA
Walker, MI
Walkersville, MD
Walkertown, NC
Walla Walla, WA
Walled Lake, MI
Wallington, NJ
Walnut, CA
Walnut Creek, CA
Walnut Ridge, AR
Walterboro, SC
Waltham, MA
Wamego, KS
Wanaque, NJ
Wapakoneta, OH
Wapato, WA
Wappingers Falls, NY
Warner Robins, GA
Warr Acres, OK
Warren, AR
Warren, MI
Warren, OH
Warren, PA
Warrensburg, MO
Warrensville Heights, OH
Warrenton, MO
Warrenton, OR
Warrenton, VA
Warrenville, IL
Warsaw, IN
Warwick, NY
Warwick, RI
Wasco, CA
Waseca, MN
Washington Court House, OH
Washington, DC
Washington, IA
Washington, IL
Washington, IN
Washington, MO
Washington, NC
Washington, NJ
Washington, PA
Washington Park, IL
Washington Terrace, UT
Washington, UT
Washingtonville, NY
Washougal, WA
Wasilla, AK
Watauga, TX
Watchung, NJ
Waterbury, CT
Waterford, CA
Waterford, WI
Waterloo, IA
Waterloo, IL
Waterloo, NY
Watertown, MA
Watertown, NY
Watertown, SD
Watertown, WI
Waterville, ME
Waterville, OH
Watervliet, NY
Watonga, OK
Watseka, IL
Watsonville, CA
Wauchula, FL
Wauconda, IL
Waukee, IA
Waukegan, IL
Waukesha, WI
Waunakee, WI
Waupaca, WI
Waupun, WI
Wausau, WI
Wauseon, OH
Wauwatosa, WI
Waveland, MS
Waverly City, OH
Waverly, IA
Waverly, NY
Waxahachie, TX
Waycross, GA
Wayne, MI
Wayne, NE
Waynesboro, GA
Waynesboro, MS
Waynesboro, PA
Waynesboro, VA
Waynesville, NC
Weatherford, OK
Weatherford, TX
Webb City, MO
Webster City, IA
Webster Groves, MO
Webster, NY
Webster, TX
Weddington, NC
Weirton, WV
Weiser, ID
Weldon Spring, MO
Wellington, CO
Wellington, FL
Wellington, KS
Wellington, OH
Wellston, OH
Wellsville, NY
Wenatchee, WA
Wendell, NC
Wentzville, MO
Weslaco, TX
Wesley Hills, NY
West Allis, WI
West Bend, WI
West Bountiful, UT
Westbrook, ME
Westbury, NY
West Carrollton City, OH
Westchester, IL
West Chester, PA
West Chicago, IL
West Columbia, SC
West Covina, CA
West Des Moines, IA
West Dundee, IL
Western Springs, IL
Westerville, OH
West Fargo, ND
Westfield, IN
Westfield, MA
Westfield, NJ
West Frankfort, IL
West Haven, CT
West Haven, UT
West Haverstraw, NY
West Hollywood, CA
West Jordan, UT
West Lafayette, IN
Westlake, LA
Westlake, OH
Westlake Village, CA
Westland, MI
West Linn, OR
West Long Branch, NJ
West Melbourne, FL
West Memphis, AR
West Miami, FL
West Mifflin, PA
West Milton, OH
Westminster, CA
Westminster, CO
Westminster, MD
West Monroe, LA
Westmont, IL
Westmont, PA
West New York, NJ
Weston, FL
Weston, WI
West Palm Beach, FL
West Park, FL
West Paterson, NJ
West Peoria, IL
West Pittston, PA
West Plains, MO
West Point, MS
West Point, UT
West Richland, WA
West Sacramento, CA
West Salem, WI
West Springfield, MA
West St. Paul, MN
West University Place, TX
West Valley City, UT
West View, PA
Westville, IN
Westville, NJ
Westwego, LA
West Wendover, NV
Westwood, NJ
Wetumpka, AL
Wharton, NJ
Wharton, TX
Wheaton, IL
Wheat Ridge, CO
Wheeling, IL
Wheeling, WV
White Bear Lake, MN
Whitefish Bay, WI
Whitefish, MT
White Hall, AR
Whitehall, OH
Whitehall, PA
White House, TN
Whitehouse, TX
Whiteland, IN
White Oak, PA
White Oak, TX
White Plains, NY
White Settlement, TX
Whiteville, NC
Whiteville, TN
Whitewater, WI
Whiting, IN
Whittier, CA
Wichita Falls, TX
Wichita, KS
Wickenburg, AZ
Wickliffe, OH
Wiggins, MS
Wildwood, MO
Wildwood, NJ
Wilkes-Barre, PA
Wilkinsburg, PA
Willard, OH
Williamsburg, KY
Williamsburg, VA
Williams, CA
Williamsport, PA
Williamston, NC
Williamsville, NY
Williston, ND
Williston Park, NY
Willits, CA
Willmar, MN
Willoughby Hills, OH
Willoughby, OH
Willowbrook, IL
Willowick, OH
Willow Park, TX
Willows, CA
Willow Springs, IL
Wilmette, IL
Wilmington, DE
Wilmington, IL
Wilmington, NC
Wilmington, OH
Wilmore, KY
Wilson, NC
Wilson, PA
Wilsonville, OR
Wilton Manors, FL
Winchester, IN
Winchester, KY
Winchester, TN
Winchester, VA
Windcrest, TX
Winder, GA
Windsor, CA
Windsor, CO
Windsor Heights, IA
Winfield, AL
Winfield, IL
Winfield, IN
Winfield, KS
Winnemucca, NV
Winnetka, IL
Winnfield, LA
Winnsboro, LA
Winona, MN
Winona, MS
Winooski, VT
Winslow, AZ
Winston, OR
Winston-Salem, NC
Winter Garden, FL
Winter Haven, FL
Winter Park, FL
Winters, CA
Winterset, IA
Winter Springs, FL
Winterville, NC
Winthrop Harbor, IL
Wisconsin Rapids, WI
Wixom, MI
Woburn, MA
Wolverine Lake, MI
Woodburn, OR
Woodbury, MN
Woodbury, NJ
Woodbury, NY
Woodcliff Lake, NJ
Wood Dale, IL
Woodfin, NC
Woodhaven, MI
Woodinville, WA
Woodlake, CA
Woodland, CA
Woodland Park, CO
Woodland, WA
Woodridge, IL
Wood-Ridge, NJ
Wood River, IL
Woods Cross, UT
Woodside, CA
Woodstock, GA
Woodstock, IL
Woodward, OK
Woodway, TX
Woonsocket, RI
Wooster, OH
Worcester, MA
Worland, WY
Worth, IL
Worthington, MN
Worthington, OH
Wyandotte, MI
Wylie, TX
Wynne, AR
Wyoming, MI
Wyoming, OH
Wyomissing, PA
Wytheville, VA
Xenia, OH
Yakima, WA
Yankton, SD
Yazoo City, MS
Yeadon, PA
Yelm, WA
Yoakum, TX
Yonkers, NY
Yorba Linda, CA
York, NE
York, PA
York, SC
Yorktown, IN
Yorkville, IL
Youngstown, OH
Youngsville, LA
Youngtown, AZ
Ypsilanti, MI
Yreka, CA
Yuba City, CA
Yucaipa, CA
Yucca Valley, CA
Yukon, OK
Yuma, AZ
Zachary, LA
Zanesville, OH
Zebulon, NC
Zeeland, MI
Zephyrhills, FL
Zimmerman, MN
Zion, IL
Zionsville, IN
